D0%20Bunker	-1358291	0.9988983,0.0167808;0.9985185,0.0206363;0.9973939,0.0243436;0.9955676,0.0277604;0.9931099,0.0307551;0.9901151,0.0332129;0.9866984,0.0350392;0.9829910,0.0361638;0.9791355,0.0365435;0.9752800,0.0361638;0.9715726,0.0350392;0.9681559,0.0332129;0.9651611,0.0307551;0.9627034,0.0277604;0.9608771,0.0243436;0.9597525,0.0206363;0.9593728,0.0167808;0.9597525,0.0129252;0.9608771,0.0092179;0.9627034,0.0058012;0.9651611,0.0028064;0.9681559,0.0003486;0.9715726,-0.0014776;0.9752800,-0.0026023;0.9791355,-0.0029820;0.9829910,-0.0026023;0.9866984,-0.0014776;0.9901151,0.0003486;0.9931099,0.0028064;0.9955676,0.0058012;0.9973939,0.0092179;0.9985185,0.0129252
Military%20Airfield	-993486	0.1361687,0.0347306;0.1352002,0.0445639;0.1323319,0.0540194;0.1276741,0.0627336;0.1214057,0.0703716;0.1137677,0.0766400;0.1050535,0.0812978;0.0955980,0.0841661;0.0857647,0.0851346;0.0759314,0.0841661;0.0664760,0.0812978;0.0577618,0.0766400;0.0501237,0.0703716;0.0438554,0.0627336;0.0391975,0.0540194;0.0363292,0.0445639;0.0353607,0.0347306;0.0363292,0.0248973;0.0391975,0.0154418;0.0438554,0.0067277;0.0501237,-0.0009104;0.0577618,-0.0071788;0.0664760,-0.0118366;0.0759314,-0.0147049;0.0857647,-0.0156734;0.0955980,-0.0147049;0.1050535,-0.0118366;0.1137677,-0.0071788;0.1214057,-0.0009104;0.1276741,0.0067277;0.1323319,0.0154418;0.1352002,0.0248973
Gornji%20Humac	-6895376	0.2483399,0.0728058;0.2479579,0.0766841;0.2468267,0.0804133;0.2449896,0.0838502;0.2425174,0.0868626;0.2395049,0.0893349;0.2360680,0.0911720;0.2323388,0.0923032;0.2284605,0.0926852;0.2245822,0.0923032;0.2208530,0.0911720;0.2174161,0.0893349;0.2144037,0.0868626;0.2119314,0.0838502;0.2100943,0.0804133;0.2089631,0.0766841;0.2085811,0.0728058;0.2089631,0.0689275;0.2100943,0.0651983;0.2119314,0.0617614;0.2144037,0.0587489;0.2174161,0.0562767;0.2208530,0.0544396;0.2245822,0.0533084;0.2284605,0.0529264;0.2323388,0.0533084;0.2360680,0.0544396;0.2395049,0.0562767;0.2425174,0.0587489;0.2449896,0.0617614;0.2468267,0.0651983;0.2479579,0.0689275
D3%20Bunker	-1358291	0.3308889,0.0452023;0.3305390,0.0487546;0.3295029,0.0521703;0.3278203,0.0553182;0.3255559,0.0580774;0.3227967,0.0603418;0.3196487,0.0620244;0.3162330,0.0630606;0.3126808,0.0634104;0.3091286,0.0630606;0.3057129,0.0620244;0.3025649,0.0603418;0.2998057,0.0580774;0.2975413,0.0553182;0.2958587,0.0521703;0.2948226,0.0487546;0.2944727,0.0452023;0.2948226,0.0416501;0.2958587,0.0382344;0.2975413,0.0350865;0.2998057,0.0323273;0.3025649,0.0300629;0.3057129,0.0283803;0.3091286,0.0273441;0.3126808,0.0269943;0.3162330,0.0273441;0.3196487,0.0283803;0.3227967,0.0300629;0.3255559,0.0323273;0.3278203,0.0350865;0.3295029,0.0382344;0.3305390,0.0416501
Lumber%20Mill	-6895376	0.4875562,0.0785566;0.4871801,0.0823751;0.4860663,0.0860468;0.4842576,0.0894307;0.4818235,0.0923967;0.4788575,0.0948308;0.4754736,0.0966395;0.4718019,0.0977533;0.4679835,0.0981294;0.4641650,0.0977533;0.4604933,0.0966395;0.4571095,0.0948308;0.4541435,0.0923967;0.4517093,0.0894307;0.4499006,0.0860468;0.4487868,0.0823751;0.4484107,0.0785566;0.4487868,0.0747382;0.4499006,0.0710665;0.4517093,0.0676826;0.4541435,0.0647166;0.4571095,0.0622825;0.4604933,0.0604738;0.4641650,0.0593600;0.4679835,0.0589839;0.4718019,0.0593600;0.4754736,0.0604738;0.4788575,0.0622825;0.4818235,0.0647166;0.4842576,0.0676826;0.4860663,0.0710665;0.4871801,0.0747382
Gorica	-6895376	0.6362822,0.0392092;0.6359481,0.0426012;0.6349587,0.0458628;0.6333520,0.0488687;0.6311898,0.0515034;0.6285551,0.0536656;0.6255493,0.0552723;0.6222876,0.0562617;0.6188957,0.0565958;0.6155038,0.0562617;0.6122422,0.0552723;0.6092363,0.0536656;0.6066016,0.0515034;0.6044394,0.0488687;0.6028327,0.0458628;0.6018433,0.0426012;0.6015092,0.0392092;0.6018433,0.0358173;0.6028327,0.0325557;0.6044394,0.0295498;0.6066016,0.0269151;0.6092363,0.0247529;0.6122422,0.0231462;0.6155038,0.0221568;0.6188957,0.0218227;0.6222876,0.0221568;0.6255493,0.0231462;0.6285551,0.0247529;0.6311898,0.0269151;0.6333520,0.0295498;0.6349587,0.0325557;0.6359481,0.0358173
D1%20Abandoned%20Bunker	-1358291	0.7798875,0.0497409;0.7794994,0.0536810;0.7783502,0.0574697;0.7764838,0.0609613;0.7739722,0.0640218;0.7709118,0.0665334;0.7674201,0.0683997;0.7636314,0.0695490;0.7596914,0.0699371;0.7557513,0.0695490;0.7519626,0.0683997;0.7484710,0.0665334;0.7454105,0.0640218;0.7428989,0.0609613;0.7410325,0.0574697;0.7398833,0.0536810;0.7394952,0.0497409;0.7398833,0.0458009;0.7410325,0.0420122;0.7428989,0.0385206;0.7454105,0.0354601;0.7484710,0.0329485;0.7519626,0.0310821;0.7557513,0.0299329;0.7596914,0.0295448;0.7636314,0.0299329;0.7674201,0.0310821;0.7709118,0.0329485;0.7739722,0.0354601;0.7764838,0.0385206;0.7783502,0.0420122;0.7794994,0.0458009
Military%20Barracks	-993486	0.9514045,0.0387154;0.9875767,0.0387154;0.9875767,0.0832342;0.9514045,0.0832342
Prigorje	-6895376	0.7716150,0.0959294;0.7713056,0.0990700;0.7703896,0.1020898;0.7689020,0.1048729;0.7669000,0.1073123;0.7644606,0.1093143;0.7616774,0.1108019;0.7586576,0.1117180;0.7555171,0.1120273;0.7523765,0.1117180;0.7493567,0.1108019;0.7465736,0.1093143;0.7441341,0.1073123;0.7421321,0.1048729;0.7406446,0.1020898;0.7397285,0.0990700;0.7394192,0.0959294;0.7397285,0.0927889;0.7406446,0.0897690;0.7421321,0.0869859;0.7441341,0.0845465;0.7465736,0.0825445;0.7493567,0.0810569;0.7523765,0.0801408;0.7555171,0.0798315;0.7586576,0.0801408;0.7616774,0.0810569;0.7644606,0.0825445;0.7669000,0.0845465;0.7689020,0.0869859;0.7703896,0.0897690;0.7713056,0.0927889
Ston	-6895376	0.0442450,0.1849833;0.0439514,0.1879641;0.0430819,0.1908303;0.0416700,0.1934719;0.0397698,0.1957872;0.0374545,0.1976873;0.0348130,0.1990993;0.0319467,0.1999687;0.0289659,0.2002623;0.0259852,0.1999687;0.0231189,0.1990993;0.0204774,0.1976873;0.0181621,0.1957872;0.0162619,0.1934719;0.0148500,0.1908303;0.0139805,0.1879641;0.0136869,0.1849833;0.0139805,0.1820025;0.0148500,0.1791363;0.0162619,0.1764947;0.0181621,0.1741794;0.0204774,0.1722793;0.0231189,0.1708673;0.0259852,0.1699979;0.0289659,0.1697043;0.0319467,0.1699979;0.0348130,0.1708673;0.0374545,0.1722793;0.0397698,0.1741794;0.0416700,0.1764947;0.0430819,0.1791363;0.0439514,0.1820025
Samobor	-6895376	0.2465220,0.1669330;0.2455482,0.1768198;0.2426644,0.1863267;0.2379812,0.1950882;0.2316787,0.2027678;0.2239991,0.2090703;0.2152376,0.2137534;0.2057307,0.2166373;0.1958439,0.2176111;0.1859571,0.2166373;0.1764502,0.2137534;0.1676887,0.2090703;0.1600091,0.2027678;0.1537066,0.1950882;0.1490235,0.1863267;0.1461396,0.1768198;0.1451658,0.1669330;0.1461396,0.1570462;0.1490235,0.1475393;0.1537066,0.1387777;0.1600091,0.1310982;0.1676887,0.1247957;0.1764502,0.1201125;0.1859571,0.1172287;0.1958439,0.1162549;0.2057307,0.1172287;0.2152376,0.1201125;0.2239991,0.1247957;0.2316787,0.1310982;0.2379812,0.1387777;0.2426644,0.1475393;0.2455482,0.1570462
Lokve	-6895376	0.5005719,0.1833394;0.5002404,0.1867048;0.4992588,0.1899409;0.4976647,0.1929232;0.4955194,0.1955373;0.4929053,0.1976826;0.4899230,0.1992767;0.4866869,0.2002583;0.4833216,0.2005898;0.4799562,0.2002583;0.4767202,0.1992767;0.4737378,0.1976826;0.4711238,0.1955373;0.4689784,0.1929232;0.4673843,0.1899409;0.4664027,0.1867048;0.4660712,0.1833394;0.4664027,0.1799741;0.4673843,0.1767380;0.4689784,0.1737557;0.4711238,0.1711416;0.4737378,0.1689963;0.4767202,0.1674022;0.4799562,0.1664205;0.4833216,0.1660891;0.4866869,0.1664205;0.4899230,0.1674022;0.4929053,0.1689963;0.4955194,0.1711416;0.4976647,0.1737557;0.4992588,0.1767380;0.5002404,0.1799741
Duga%20Radar	-993486	0.9555798,0.1764452;0.9938392,0.1764452;0.9938392,0.2028790;0.9555798,0.2028790
Porat	-6895376	0.0608483,0.2487960;0.0603650,0.2537023;0.0589339,0.2584201;0.0566099,0.2627681;0.0534823,0.2665790;0.0496713,0.2697066;0.0453234,0.2720307;0.0406056,0.2734618;0.0356993,0.2739450;0.0307930,0.2734618;0.0260752,0.2720307;0.0217273,0.2697066;0.0179163,0.2665790;0.0147887,0.2627681;0.0124647,0.2584201;0.0110335,0.2537023;0.0105503,0.2487960;0.0110335,0.2438897;0.0124647,0.2391719;0.0147887,0.2348240;0.0179163,0.2310130;0.0217273,0.2278854;0.0260752,0.2255614;0.0307930,0.2241303;0.0356993,0.2236471;0.0406056,0.2241303;0.0453234,0.2255614;0.0496713,0.2278854;0.0534823,0.2310130;0.0566099,0.2348240;0.0589339,0.2391719;0.0603650,0.2438897
C4%20Abandoned%20Bunker	-1358291	0.1297118,0.2337989;0.1293666,0.2373034;0.1283444,0.2406733;0.1266844,0.2437790;0.1244504,0.2465011;0.1217282,0.2487351;0.1186226,0.2503951;0.1152527,0.2514174;0.1117482,0.2517625;0.1082436,0.2514174;0.1048738,0.2503951;0.1017681,0.2487351;0.0990460,0.2465011;0.0968119,0.2437790;0.0951519,0.2406733;0.0941297,0.2373034;0.0937845,0.2337989;0.0941297,0.2302944;0.0951519,0.2269245;0.0968119,0.2238188;0.0990460,0.2210967;0.1017681,0.2188627;0.1048738,0.2172027;0.1082436,0.2161804;0.1117482,0.2158353;0.1152527,0.2161804;0.1186226,0.2172027;0.1217282,0.2188627;0.1244504,0.2210967;0.1266844,0.2238188;0.1283444,0.2269245;0.1293666,0.2302944
Dam	-993486	0.4397040,0.2352378;0.4392393,0.2399569;0.4378628,0.2444946;0.4356274,0.2486766;0.4326192,0.2523422;0.4289536,0.2553504;0.4247716,0.2575858;0.4202339,0.2589623;0.4155148,0.2594270;0.4107957,0.2589623;0.4062580,0.2575858;0.4020760,0.2553504;0.3984104,0.2523422;0.3954022,0.2486766;0.3931668,0.2444946;0.3917903,0.2399569;0.3913256,0.2352378;0.3917903,0.2305187;0.3931668,0.2259810;0.3954022,0.2217990;0.3984104,0.2181334;0.4020760,0.2151252;0.4062580,0.2128899;0.4107957,0.2115134;0.4155148,0.2110486;0.4202339,0.2115134;0.4247716,0.2128899;0.4289536,0.2151252;0.4326192,0.2181334;0.4356274,0.2217990;0.4378628,0.2259810;0.4392393,0.2305187
C2%20Outpost	-9843406	0.5296274,0.2232068;0.5290987,0.2285756;0.5275327,0.2337381;0.5249896,0.2384959;0.5215672,0.2426661;0.5173969,0.2460885;0.5126392,0.2486316;0.5074767,0.2501976;0.5021079,0.2507264;0.4967391,0.2501976;0.4915766,0.2486316;0.4868188,0.2460885;0.4826486,0.2426661;0.4792261,0.2384959;0.4766831,0.2337381;0.4751170,0.2285756;0.4745882,0.2232068;0.4751170,0.2178380;0.4766831,0.2126755;0.4792261,0.2079177;0.4826486,0.2037475;0.4868188,0.2003251;0.4915766,0.1977820;0.4967391,0.1962160;0.5021079,0.1956872;0.5074767,0.1962160;0.5126392,0.1977820;0.5173969,0.2003251;0.5215672,0.2037475;0.5249896,0.2079177;0.5275327,0.2126755;0.5290987,0.2178380
Marof	-6895376	0.3026602,0.2502006;0.3023515,0.2533349;0.3014373,0.2563486;0.2999527,0.2591262;0.2979547,0.2615607;0.2955202,0.2635587;0.2927426,0.2650433;0.2897289,0.2659575;0.2865946,0.2662662;0.2834603,0.2659575;0.2804466,0.2650433;0.2776690,0.2635587;0.2752345,0.2615607;0.2732365,0.2591262;0.2717519,0.2563486;0.2708377,0.2533349;0.2705290,0.2502006;0.2708377,0.2470664;0.2717519,0.2440526;0.2732365,0.2412750;0.2752345,0.2388405;0.2776690,0.2368425;0.2804466,0.2353579;0.2834603,0.2344437;0.2865946,0.2341350;0.2897289,0.2344437;0.2927426,0.2353579;0.2955202,0.2368425;0.2979547,0.2388405;0.2999527,0.2412750;0.3014373,0.2440526;0.3023515,0.2470664
Observatory	-6895376	0.6412551,0.2735882;0.6408308,0.2778972;0.6395738,0.2820407;0.6375327,0.2858593;0.6347859,0.2892064;0.6314389,0.2919532;0.6276202,0.2939943;0.6234768,0.2952512;0.6191677,0.2956756;0.6148587,0.2952512;0.6107153,0.2939943;0.6068966,0.2919532;0.6035496,0.2892064;0.6008028,0.2858593;0.5987617,0.2820407;0.5975047,0.2778972;0.5970803,0.2735882;0.5975047,0.2692792;0.5987617,0.2651357;0.6008028,0.2613171;0.6035496,0.2579701;0.6068966,0.2552232;0.6107153,0.2531821;0.6148587,0.2519252;0.6191677,0.2515008;0.6234768,0.2519252;0.6276202,0.2531821;0.6314389,0.2552232;0.6347859,0.2579701;0.6375327,0.2613171;0.6395738,0.2651357;0.6408308,0.2692792
C1%20Bunker	-1358291	0.6845150,0.2640365;0.6841639,0.2676016;0.6831239,0.2710298;0.6814352,0.2741892;0.6791626,0.2769584;0.6763933,0.2792310;0.6732339,0.2809198;0.6698058,0.2819597;0.6662406,0.2823108;0.6626755,0.2819597;0.6592473,0.2809198;0.6560879,0.2792310;0.6533187,0.2769584;0.6510460,0.2741892;0.6493573,0.2710298;0.6483174,0.2676016;0.6479663,0.2640365;0.6483174,0.2604713;0.6493573,0.2570432;0.6510460,0.2538838;0.6533187,0.2511145;0.6560879,0.2488419;0.6592473,0.2471532;0.6626755,0.2461133;0.6662406,0.2457621;0.6698058,0.2461133;0.6732339,0.2471532;0.6763933,0.2488419;0.6791626,0.2511145;0.6814352,0.2538838;0.6831239,0.2570432;0.6841639,0.2604713
Veliki%20Tabor	-6895376	0.7492227,0.2804537;0.7488673,0.2840622;0.7478147,0.2875322;0.7461054,0.2907301;0.7438051,0.2935331;0.7410021,0.2958334;0.7378042,0.2975427;0.7343342,0.2985953;0.7307256,0.2989507;0.7271171,0.2985953;0.7236471,0.2975427;0.7204492,0.2958334;0.7176462,0.2935331;0.7153459,0.2907301;0.7136366,0.2875322;0.7125840,0.2840622;0.7122286,0.2804537;0.7125840,0.2768451;0.7136366,0.2733751;0.7153459,0.2701772;0.7176462,0.2673742;0.7204492,0.2650739;0.7236471,0.2633646;0.7271171,0.2623120;0.7307256,0.2619566;0.7343342,0.2623120;0.7378042,0.2633646;0.7410021,0.2650739;0.7438051,0.2673742;0.7461054,0.2701772;0.7478147,0.2733751;0.7488673,0.2768451
Klis	-6895376	0.0638064,0.3524955;0.0635093,0.3555124;0.0626293,0.3584133;0.0612003,0.3610868;0.0592771,0.3634302;0.0569337,0.3653533;0.0542602,0.3667824;0.0513593,0.3676624;0.0483424,0.3679595;0.0453255,0.3676624;0.0424246,0.3667824;0.0397511,0.3653533;0.0374077,0.3634302;0.0354845,0.3610868;0.0340555,0.3584133;0.0331755,0.3555124;0.0328784,0.3524955;0.0331755,0.3494786;0.0340555,0.3465777;0.0354845,0.3439041;0.0374077,0.3415608;0.0397511,0.3396376;0.0424246,0.3382086;0.0453255,0.3373286;0.0483424,0.3370315;0.0513593,0.3373286;0.0542602,0.3382086;0.0569337,0.3396376;0.0592771,0.3415608;0.0612003,0.3439041;0.0626293,0.3465777;0.0635093,0.3494786
Rude	-6895376	0.1135514,0.3233556;0.1132509,0.3264074;0.1123607,0.3293419;0.1109151,0.3320464;0.1089697,0.3344169;0.1065992,0.3363623;0.1038947,0.3378079;0.1009602,0.3386980;0.0979084,0.3389986;0.0948566,0.3386980;0.0919220,0.3378079;0.0892176,0.3363623;0.0868471,0.3344169;0.0849016,0.3320464;0.0834561,0.3293419;0.0825659,0.3264074;0.0822653,0.3233556;0.0825659,0.3203037;0.0834561,0.3173692;0.0849016,0.3146647;0.0868471,0.3122942;0.0892176,0.3103488;0.0919220,0.3089032;0.0948566,0.3080131;0.0979084,0.3077125;0.1009602,0.3080131;0.1038947,0.3089032;0.1065992,0.3103488;0.1089697,0.3122942;0.1109151,0.3146647;0.1123607,0.3173692;0.1132509,0.3203037
Prison	-993486	0.4670832,0.3082278;0.4667409,0.3117031;0.4657272,0.3150449;0.4640810,0.3181246;0.4618657,0.3208241;0.4591663,0.3230394;0.4560865,0.3246856;0.4527448,0.3256993;0.4492695,0.3260416;0.4457942,0.3256993;0.4424525,0.3246856;0.4393727,0.3230394;0.4366733,0.3208241;0.4344579,0.3181246;0.4328117,0.3150449;0.4317980,0.3117031;0.4314557,0.3082278;0.4317980,0.3047526;0.4328117,0.3014108;0.4344579,0.2983311;0.4366733,0.2956316;0.4393727,0.2934163;0.4424525,0.2917701;0.4457942,0.2907564;0.4492695,0.2904141;0.4527448,0.2907564;0.4560865,0.2917701;0.4591663,0.2934163;0.4618657,0.2956316;0.4640810,0.2983311;0.4657272,0.3014108;0.4667409,0.3047526
Radio%20Station	-6895376	0.5510076,0.3200200;0.5507201,0.3229387;0.5498687,0.3257453;0.5484862,0.3283318;0.5466256,0.3305990;0.5443584,0.3324596;0.5417719,0.3338421;0.5389653,0.3346935;0.5360466,0.3349810;0.5331278,0.3346935;0.5303212,0.3338421;0.5277347,0.3324596;0.5254676,0.3305990;0.5236070,0.3283318;0.5222244,0.3257453;0.5213730,0.3229387;0.5210856,0.3200200;0.5213730,0.3171012;0.5222244,0.3142946;0.5236070,0.3117081;0.5254676,0.3094409;0.5277347,0.3075804;0.5303212,0.3061978;0.5331278,0.3053464;0.5360466,0.3050590;0.5389653,0.3053464;0.5417719,0.3061978;0.5443584,0.3075804;0.5466256,0.3094409;0.5484862,0.3117081;0.5498687,0.3142946;0.5507201,0.3171012
B4%20Bunker	-1358291	0.1327944,0.4133269;0.1324390,0.4169354;0.1313865,0.4204052;0.1296772,0.4236030;0.1273769,0.4264058;0.1245740,0.4287061;0.1213762,0.4304154;0.1179064,0.4314680;0.1142980,0.4318233;0.1106895,0.4314680;0.1072197,0.4304154;0.1040219,0.4287061;0.1012190,0.4264058;0.0989187,0.4236030;0.0972095,0.4204052;0.0961569,0.4169354;0.0958015,0.4133269;0.0961569,0.4097184;0.0972095,0.4062486;0.0989187,0.4030508;0.1012190,0.4002479;0.1040219,0.3979476;0.1072197,0.3962384;0.1106895,0.3951858;0.1142980,0.3948304;0.1179064,0.3951858;0.1213762,0.3962384;0.1245740,0.3979476;0.1273769,0.4002479;0.1296772,0.4030508;0.1313865,0.4062486;0.1324390,0.4097184
Big%20Vern%20monument	-6895376	0.3203008,0.3814429;0.3199241,0.3852682;0.3188083,0.3889465;0.3169963,0.3923365;0.3145578,0.3953078;0.3115865,0.3977463;0.3081965,0.3995582;0.3045182,0.4006740;0.3006929,0.4010508;0.2968676,0.4006740;0.2931893,0.3995582;0.2897993,0.3977463;0.2868280,0.3953078;0.2843895,0.3923365;0.2825776,0.3889465;0.2814618,0.3852682;0.2810850,0.3814429;0.2814618,0.3776176;0.2825776,0.3739393;0.2843895,0.3705493;0.2868280,0.3675780;0.2897993,0.3651395;0.2931893,0.3633276;0.2968676,0.3622118;0.3006929,0.3618350;0.3045182,0.3622118;0.3081965,0.3633276;0.3115865,0.3651395;0.3145578,0.3675780;0.3169963,0.3705493;0.3188083,0.3739393;0.3199241,0.3776176
B3%20Castle	-6895376	0.3900786,0.4026829;0.3897698,0.4058180;0.3888554,0.4088325;0.3873704,0.4116107;0.3853719,0.4140459;0.3829368,0.4160443;0.3801586,0.4175293;0.3771440,0.4184438;0.3740090,0.4187526;0.3708740,0.4184438;0.3678594,0.4175293;0.3650812,0.4160443;0.3626460,0.4140459;0.3606476,0.4116107;0.3591626,0.4088325;0.3582481,0.4058180;0.3579394,0.4026829;0.3582481,0.3995479;0.3591626,0.3965333;0.3606476,0.3937551;0.3626460,0.3913200;0.3650812,0.3893215;0.3678594,0.3878365;0.3708740,0.3869221;0.3740090,0.3866133;0.3771440,0.3869221;0.3801586,0.3878365;0.3829368,0.3893215;0.3853719,0.3913200;0.3873704,0.3937551;0.3888554,0.3965333;0.3897698,0.3995479
Factory	-993486	0.6910129,0.4128615;0.6906678,0.4163649;0.6896459,0.4197337;0.6879864,0.4228384;0.6857531,0.4255597;0.6830318,0.4277930;0.6799271,0.4294525;0.6765584,0.4304744;0.6730549,0.4308195;0.6695515,0.4304744;0.6661828,0.4294525;0.6630781,0.4277930;0.6603568,0.4255597;0.6581235,0.4228384;0.6564640,0.4197337;0.6554421,0.4163649;0.6550970,0.4128615;0.6554421,0.4093581;0.6564640,0.4059893;0.6581235,0.4028846;0.6603568,0.4001634;0.6630781,0.3979301;0.6661828,0.3962706;0.6695515,0.3952487;0.6730549,0.3949036;0.6765584,0.3952487;0.6799271,0.3962706;0.6830318,0.3979301;0.6857531,0.4001634;0.6879864,0.4028846;0.6896459,0.4059893;0.6906678,0.4093581
Boot%20Camp	-993486	0.2258264,0.4178092;0.2543498,0.4178092;0.2543498,0.4400714;0.2258264,0.4400714
Spickovina	-6895376	0.4593756,0.4590935;0.4589945,0.4629633;0.4578657,0.4666845;0.4560326,0.4701140;0.4535657,0.4731199;0.4505598,0.4755868;0.4471303,0.4774199;0.4434091,0.4785487;0.4395393,0.4789298;0.4356694,0.4785487;0.4319482,0.4774199;0.4285188,0.4755868;0.4255129,0.4731199;0.4230460,0.4701140;0.4212129,0.4666845;0.4200841,0.4629633;0.4197029,0.4590935;0.4200841,0.4552236;0.4212129,0.4515024;0.4230460,0.4480730;0.4255129,0.4450671;0.4285188,0.4426002;0.4319482,0.4407671;0.4356694,0.4396383;0.4395393,0.4392571;0.4434091,0.4396383;0.4471303,0.4407671;0.4505598,0.4426002;0.4535657,0.4450671;0.4560326,0.4480730;0.4578657,0.4515024;0.4589945,0.4552236
Airport	-993486	0.5277535,0.4032100;0.6244513,0.4032100;0.6244513,0.4491277;0.5277535,0.4491277
B0%20Bunker	-1358291	0.9543133,0.4632967;0.9539415,0.4670724;0.9528401,0.4707030;0.9510517,0.4740490;0.9486448,0.4769818;0.9457120,0.4793886;0.9423660,0.4811771;0.9387354,0.4822784;0.9349597,0.4826503;0.9311839,0.4822784;0.9275533,0.4811771;0.9242073,0.4793886;0.9212745,0.4769818;0.9188676,0.4740490;0.9170792,0.4707030;0.9159778,0.4670724;0.9156060,0.4632967;0.9159778,0.4595209;0.9170792,0.4558903;0.9188676,0.4525443;0.9212745,0.4496115;0.9242073,0.4472047;0.9275533,0.4454162;0.9311839,0.4443149;0.9349597,0.4439430;0.9387354,0.4443149;0.9423660,0.4454162;0.9457120,0.4472047;0.9486448,0.4496115;0.9510517,0.4525443;0.9528401,0.4558903;0.9539415,0.4595209
Murvica	-6895376	0.0990251,0.4771316;0.0984923,0.4825407;0.0969146,0.4877420;0.0943524,0.4925355;0.0909042,0.4967371;0.0867027,0.5001853;0.0819091,0.5027474;0.0767078,0.5043252;0.0712987,0.5048580;0.0658895,0.5043252;0.0606883,0.5027474;0.0558947,0.5001853;0.0516932,0.4967371;0.0482450,0.4925355;0.0456828,0.4877420;0.0441051,0.4825407;0.0435723,0.4771316;0.0441051,0.4717224;0.0456828,0.4665211;0.0482450,0.4617276;0.0516932,0.4575261;0.0558947,0.4540779;0.0606883,0.4515157;0.0658895,0.4499379;0.0712987,0.4494052;0.0767078,0.4499379;0.0819091,0.4515157;0.0867027,0.4540779;0.0909042,0.4575261;0.0943524,0.4617276;0.0969146,0.4665211;0.0984923,0.4717224
Mirkovci	-6895376	0.2376915,0.5264246;0.2373147,0.5302508;0.2361986,0.5339300;0.2343862,0.5373208;0.2319471,0.5402929;0.2289751,0.5427319;0.2255843,0.5445443;0.2219051,0.5456604;0.2180789,0.5460373;0.2142526,0.5456604;0.2105734,0.5445443;0.2071826,0.5427319;0.2042106,0.5402929;0.2017715,0.5373208;0.1999591,0.5339300;0.1988430,0.5302508;0.1984662,0.5264246;0.1988430,0.5225983;0.1999591,0.5189192;0.2017715,0.5155284;0.2042106,0.5125563;0.2071826,0.5101172;0.2105734,0.5083048;0.2142526,0.5071888;0.2180789,0.5068119;0.2219051,0.5071888;0.2255843,0.5083048;0.2289751,0.5101172;0.2319471,0.5125563;0.2343862,0.5155284;0.2361986,0.5189192;0.2373147,0.5225983
Train%20Yard	-993486	0.3627827,0.5136197;0.3624435,0.5170633;0.3614391,0.5203745;0.3598079,0.5234262;0.3576128,0.5261010;0.3549380,0.5282961;0.3518864,0.5299273;0.3485751,0.5309317;0.3451315,0.5312709;0.3416880,0.5309317;0.3383767,0.5299273;0.3353251,0.5282961;0.3326503,0.5261010;0.3304552,0.5234262;0.3288240,0.5203745;0.3278196,0.5170633;0.3274804,0.5136197;0.3278196,0.5101762;0.3288240,0.5068649;0.3304552,0.5038133;0.3326503,0.5011384;0.3353251,0.4989433;0.3383767,0.4973122;0.3416880,0.4963077;0.3451315,0.4959686;0.3485751,0.4963077;0.3518864,0.4973122;0.3549380,0.4989433;0.3576128,0.5011384;0.3598079,0.5038133;0.3614391,0.5068649;0.3624435,0.5101762
CC	-9843406	0.4108756,0.4776444;0.4498339,0.4776444;0.4498339,0.4915592;0.4108756,0.4915592
Prkno	-6895376	0.7252462,0.4763547;0.7248939,0.4799320;0.7238504,0.4833719;0.7221559,0.4865420;0.7198755,0.4893208;0.7170968,0.4916012;0.7139266,0.4932957;0.7104868,0.4943391;0.7069094,0.4946915;0.7033321,0.4943391;0.6998922,0.4932957;0.6967220,0.4916012;0.6939434,0.4893208;0.6916630,0.4865420;0.6899685,0.4833719;0.6889250,0.4799320;0.6885726,0.4763547;0.6889250,0.4727774;0.6899685,0.4693375;0.6916630,0.4661673;0.6939434,0.4633886;0.6967220,0.4611082;0.6998922,0.4594137;0.7033321,0.4583702;0.7069094,0.4580179;0.7104868,0.4583702;0.7139266,0.4594137;0.7170968,0.4611082;0.7198755,0.4633886;0.7221559,0.4661673;0.7238504,0.4693375;0.7248939,0.4727774
Klenovnik%20Hospital	-6895376	0.8025398,0.4797433;0.8387140,0.4797433;0.8387140,0.5319204;0.8025398,0.5319204
B4%20Outpost	-9843406	0.0531093,0.5549871;0.0526990,0.5591528;0.0514839,0.5631585;0.0495107,0.5668501;0.0468552,0.5700858;0.0436195,0.5727413;0.0399279,0.5747145;0.0359222,0.5759296;0.0317565,0.5763400;0.0275908,0.5759296;0.0235852,0.5747145;0.0198935,0.5727413;0.0166578,0.5700858;0.0140023,0.5668501;0.0120291,0.5631585;0.0108140,0.5591528;0.0104037,0.5549871;0.0108140,0.5508214;0.0120291,0.5468158;0.0140023,0.5431241;0.0166578,0.5398884;0.0198935,0.5372329;0.0235852,0.5352597;0.0275908,0.5340446;0.0317565,0.5336343;0.0359222,0.5340446;0.0399279,0.5352597;0.0436195,0.5372329;0.0468552,0.5398884;0.0495107,0.5431241;0.0514839,0.5468158;0.0526990,0.5508214
Preko	-6895376	0.1019136,0.5258468;0.1015453,0.5295862;0.1004546,0.5331818;0.0986834,0.5364956;0.0962997,0.5394001;0.0933952,0.5417838;0.0900814,0.5435550;0.0864858,0.5446457;0.0827464,0.5450140;0.0790071,0.5446457;0.0754115,0.5435550;0.0720977,0.5417838;0.0691932,0.5394001;0.0668095,0.5364956;0.0650383,0.5331818;0.0639475,0.5295862;0.0635792,0.5258468;0.0639475,0.5221075;0.0650383,0.5185119;0.0668095,0.5151981;0.0691932,0.5122936;0.0720977,0.5099099;0.0754115,0.5081387;0.0790071,0.5070480;0.0827464,0.5066797;0.0864858,0.5070480;0.0900814,0.5081387;0.0933952,0.5099099;0.0962997,0.5122936;0.0986834,0.5151981;0.1004546,0.5185119;0.1015453,0.5221075
Demolition%20Derby	-3319126	0.1938142,0.5513828;0.2112068,0.5513828;0.2112068,0.5680799;0.1938142,0.5680799
Junkyard	-6895376	0.9646277,0.5089665;0.9861933,0.5089665;0.9861933,0.5472295;0.9646277,0.5472295
South%20Quarry	-6895376	0.3298599,0.6364802;0.3295199,0.6399323;0.3285129,0.6432516;0.3268778,0.6463107;0.3246773,0.6489921;0.3219959,0.6511927;0.3189367,0.6528279;0.3156174,0.6538348;0.3121653,0.6541747;0.3087133,0.6538348;0.3053939,0.6528279;0.3023348,0.6511927;0.2996534,0.6489921;0.2974528,0.6463107;0.2958177,0.6432516;0.2948108,0.6399323;0.2944708,0.6364802;0.2948108,0.6330281;0.2958177,0.6297088;0.2974528,0.6266497;0.2996534,0.6239683;0.3023348,0.6217678;0.3053939,0.6201326;0.3087133,0.6191257;0.3121653,0.6187857;0.3156174,0.6191257;0.3189367,0.6201326;0.3219959,0.6217678;0.3246773,0.6239683;0.3268778,0.6266497;0.3285129,0.6297088;0.3295199,0.6330281
North%20Quarry	-6895376	0.3351319,0.5948409;0.3347733,0.5984818;0.3337113,0.6019828;0.3319866,0.6052093;0.3296657,0.6080374;0.3268376,0.6103584;0.3236111,0.6120830;0.3201101,0.6131449;0.3164692,0.6135036;0.3128283,0.6131449;0.3093273,0.6120830;0.3061008,0.6103584;0.3032727,0.6080374;0.3009517,0.6052093;0.2992271,0.6019828;0.2981651,0.5984818;0.2978065,0.5948409;0.2981651,0.5912000;0.2992271,0.5876990;0.3009517,0.5844725;0.3032727,0.5816444;0.3061008,0.5793234;0.3093273,0.5775988;0.3128283,0.5765368;0.3164692,0.5761782;0.3201101,0.5765368;0.3236111,0.5775988;0.3268376,0.5793234;0.3296657,0.5816444;0.3319866,0.5844725;0.3337113,0.5876990;0.3347733,0.5912000
A2%20Bunker	-1358291	0.4484678,0.6218640;0.4480862,0.6257382;0.4469561,0.6294636;0.4451210,0.6328969;0.4426513,0.6359062;0.4396420,0.6383759;0.4362087,0.6402110;0.4324833,0.6413411;0.4286090,0.6417227;0.4247348,0.6413411;0.4210094,0.6402110;0.4175761,0.6383759;0.4145668,0.6359062;0.4120971,0.6328969;0.4102620,0.6294636;0.4091319,0.6257382;0.4087503,0.6218640;0.4091319,0.6179897;0.4102620,0.6142644;0.4120971,0.6108310;0.4145668,0.6078217;0.4175761,0.6053520;0.4210094,0.6035169;0.4247348,0.6023868;0.4286090,0.6020052;0.4324833,0.6023868;0.4362087,0.6035169;0.4396420,0.6053520;0.4426513,0.6078217;0.4451210,0.6108310;0.4469561,0.6142644;0.4480862,0.6179897
Cheese%20Factory	-6895376	0.5001763,0.6352497;0.4998464,0.6385994;0.4988693,0.6418203;0.4972827,0.6447888;0.4951474,0.6473906;0.4925455,0.6495259;0.4895771,0.6511126;0.4863561,0.6520897;0.4830065,0.6524196;0.4796568,0.6520897;0.4764359,0.6511126;0.4734674,0.6495259;0.4708656,0.6473906;0.4687303,0.6447888;0.4671436,0.6418203;0.4661666,0.6385994;0.4658367,0.6352497;0.4661666,0.6319001;0.4671436,0.6286792;0.4687303,0.6257107;0.4708656,0.6231089;0.4734674,0.6209735;0.4764359,0.6193869;0.4796568,0.6184098;0.4830065,0.6180799;0.4863561,0.6184098;0.4895771,0.6193869;0.4925455,0.6209735;0.4951474,0.6231089;0.4972827,0.6257107;0.4988693,0.6286792;0.4998464,0.6319001
Brick%20Factory	-6895376	0.9034107,0.5834032;0.9312373,0.5834032;0.9312373,0.6001005;0.9034107,0.6001005
Blato	-6895376	0.2001493,0.6513804;0.1998546,0.6543732;0.1989816,0.6572510;0.1975639,0.6599032;0.1956561,0.6622279;0.1933315,0.6641357;0.1906793,0.6655533;0.1878015,0.6664263;0.1848086,0.6667210;0.1818158,0.6664263;0.1789380,0.6655533;0.1762858,0.6641357;0.1739611,0.6622279;0.1720533,0.6599032;0.1706357,0.6572510;0.1697627,0.6543732;0.1694679,0.6513804;0.1697627,0.6483876;0.1706357,0.6455097;0.1720533,0.6428576;0.1739611,0.6405329;0.1762858,0.6386250;0.1789380,0.6372074;0.1818158,0.6363344;0.1848086,0.6360397;0.1878015,0.6363344;0.1906793,0.6372074;0.1933315,0.6386250;0.1956561,0.6405329;0.1975639,0.6428576;0.1989816,0.6455097;0.1998546,0.6483876
Fish%20Factory	-6895376	0.6497004,0.6445489;0.6493000,0.6486141;0.6481143,0.6525231;0.6461886,0.6561257;0.6435972,0.6592833;0.6404396,0.6618747;0.6368370,0.6638004;0.6329280,0.6649861;0.6288628,0.6653865;0.6247976,0.6649861;0.6208886,0.6638004;0.6172860,0.6618747;0.6141284,0.6592833;0.6115370,0.6561257;0.6096113,0.6525231;0.6084256,0.6486141;0.6080252,0.6445489;0.6084256,0.6404837;0.6096113,0.6365747;0.6115370,0.6329721;0.6141284,0.6298145;0.6172860,0.6272231;0.6208886,0.6252974;0.6247976,0.6241117;0.6288628,0.6237113;0.6329280,0.6241117;0.6368370,0.6252974;0.6404396,0.6272231;0.6435972,0.6298145;0.6461886,0.6329721;0.6481143,0.6365747;0.6493000,0.6404837
A3%20Abandoned%20Bunker	-1358291	0.2690015,0.6990073;0.2686553,0.7025227;0.2676299,0.7059030;0.2659647,0.7090183;0.2637238,0.7117490;0.2609932,0.7139899;0.2578779,0.7156551;0.2544975,0.7166805;0.2509821,0.7170267;0.2474667,0.7166805;0.2440864,0.7156551;0.2409710,0.7139899;0.2382404,0.7117490;0.2359995,0.7090183;0.2343343,0.7059030;0.2333089,0.7025227;0.2329627,0.6990073;0.2333089,0.6954919;0.2343343,0.6921116;0.2359995,0.6889962;0.2382404,0.6862656;0.2409710,0.6840246;0.2440864,0.6823595;0.2474667,0.6813341;0.2509821,0.6809878;0.2544975,0.6813341;0.2578779,0.6823595;0.2609932,0.6840246;0.2637238,0.6862656;0.2659647,0.6889962;0.2676299,0.6921116;0.2686553,0.6954919
Zaton	-6895376	0.2996239,0.7426354;0.2991820,0.7471219;0.2978734,0.7514361;0.2957482,0.7554120;0.2928882,0.7588969;0.2894033,0.7617568;0.2854274,0.7638820;0.2811133,0.7651907;0.2766268,0.7656326;0.2721402,0.7651907;0.2678261,0.7638820;0.2638502,0.7617568;0.2603653,0.7588969;0.2575053,0.7554120;0.2553802,0.7514361;0.2540715,0.7471219;0.2536296,0.7426354;0.2540715,0.7381489;0.2553802,0.7338348;0.2575053,0.7298589;0.2603653,0.7263740;0.2638502,0.7235140;0.2678261,0.7213888;0.2721402,0.7200801;0.2766268,0.7196383;0.2811133,0.7200801;0.2854274,0.7213888;0.2894033,0.7235140;0.2928882,0.7263740;0.2957482,0.7298589;0.2978734,0.7338348;0.2991820,0.7381489
Tisno	-6895376	0.4692020,0.7189021;0.4686425,0.7245829;0.4669855,0.7300453;0.4642947,0.7350795;0.4606734,0.7394921;0.4562609,0.7431133;0.4512266,0.7458042;0.4457642,0.7474612;0.4400834,0.7480207;0.4344026,0.7474612;0.4289402,0.7458042;0.4239060,0.7431133;0.4194934,0.7394921;0.4158722,0.7350795;0.4131813,0.7300453;0.4115243,0.7245829;0.4109648,0.7189021;0.4115243,0.7132214;0.4131813,0.7077589;0.4158722,0.7027247;0.4194934,0.6983122;0.4239060,0.6946909;0.4289402,0.6920000;0.4344026,0.6903430;0.4400834,0.6897835;0.4457642,0.6903430;0.4512266,0.6920000;0.4562609,0.6946909;0.4606734,0.6983122;0.4642947,0.7027247;0.4669855,0.7077589;0.4686425,0.7132214
A1%20Abandoned%20Bunker	-1358291	0.6584040,0.7109436;0.6580225,0.7148169;0.6568927,0.7185412;0.6550580,0.7219736;0.6525890,0.7249821;0.6495805,0.7274512;0.6461481,0.7292858;0.6424237,0.7304156;0.6385505,0.7307971;0.6346773,0.7304156;0.6309530,0.7292858;0.6275206,0.7274512;0.6245120,0.7249821;0.6220430,0.7219736;0.6202083,0.7185412;0.6190786,0.7148169;0.6186970,0.7109436;0.6190786,0.7070704;0.6202083,0.7033461;0.6220430,0.6999137;0.6245120,0.6969051;0.6275206,0.6944361;0.6309530,0.6926014;0.6346773,0.6914717;0.6385505,0.6910902;0.6424237,0.6914717;0.6461481,0.6926014;0.6495805,0.6944361;0.6525890,0.6969051;0.6550580,0.6999137;0.6568927,0.7033461;0.6580225,0.7070704
Naval%20Base	-993486	0.1207737,0.7631277;0.1200088,0.7708935;0.1177436,0.7783610;0.1140651,0.7852430;0.1091146,0.7912751;0.1030825,0.7962255;0.0962005,0.7999040;0.0887331,0.8021693;0.0809672,0.8029341;0.0732014,0.8021693;0.0657340,0.7999040;0.0588520,0.7962255;0.0528198,0.7912751;0.0478694,0.7852430;0.0441909,0.7783610;0.0419257,0.7708935;0.0411608,0.7631277;0.0419257,0.7553619;0.0441909,0.7478944;0.0478694,0.7410124;0.0528198,0.7349803;0.0588520,0.7300298;0.0657340,0.7263513;0.0732014,0.7240861;0.0809672,0.7233213;0.0887331,0.7240861;0.0962005,0.7263513;0.1030825,0.7300298;0.1091146,0.7349803;0.1140651,0.7410124;0.1177436,0.7478944;0.1200088,0.7553619
A4%20Airfield	-6895376	0.1882172,0.7527453;0.1878069,0.7569111;0.1865918,0.7609167;0.1846186,0.7646084;0.1819631,0.7678441;0.1787273,0.7704996;0.1750357,0.7724729;0.1710300,0.7736880;0.1668643,0.7740982;0.1626985,0.7736880;0.1586929,0.7724729;0.1550012,0.7704996;0.1517655,0.7678441;0.1491100,0.7646084;0.1471368,0.7609167;0.1459216,0.7569111;0.1455114,0.7527453;0.1459216,0.7485796;0.1471368,0.7445740;0.1491100,0.7408823;0.1517655,0.7376465;0.1550012,0.7349910;0.1586929,0.7330178;0.1626985,0.7318027;0.1668643,0.7313924;0.1710300,0.7318027;0.1750357,0.7330178;0.1787273,0.7349910;0.1819631,0.7376465;0.1846186,0.7408823;0.1865918,0.7445740;0.1878069,0.7485796
A0%20Outpost	-9843406	0.8343831,0.7709383;0.8338556,0.7762942;0.8322933,0.7814442;0.8297564,0.7861905;0.8263422,0.7903506;0.8221821,0.7937648;0.8174358,0.7963017;0.8122858,0.7978640;0.8069299,0.7983915;0.8015741,0.7978640;0.7964241,0.7963017;0.7916778,0.7937648;0.7875177,0.7903506;0.7841035,0.7861905;0.7815666,0.7814442;0.7800043,0.7762942;0.7794768,0.7709383;0.7800043,0.7655825;0.7815666,0.7604325;0.7841035,0.7556862;0.7875177,0.7515261;0.7916778,0.7481119;0.7964241,0.7455750;0.8015741,0.7440127;0.8069299,0.7434852;0.8122858,0.7440127;0.8174358,0.7455750;0.8221821,0.7481119;0.8263422,0.7515261;0.8297564,0.7556862;0.8322933,0.7604325;0.8338556,0.7655825
Rogoznica	-6895376	0.3294166,0.8555071;0.3285825,0.8639765;0.3261120,0.8721204;0.3221003,0.8796259;0.3167013,0.8862046;0.3101227,0.8916035;0.3026172,0.8956153;0.2944733,0.8980857;0.2860038,0.8989199;0.2775344,0.8980857;0.2693905,0.8956153;0.2618850,0.8916035;0.2553063,0.8862046;0.2499074,0.8796259;0.2458956,0.8721204;0.2434252,0.8639765;0.2425910,0.8555071;0.2434252,0.8470377;0.2458956,0.8388937;0.2499074,0.8313882;0.2553063,0.8248096;0.2618850,0.8194106;0.2693905,0.8153989;0.2775344,0.8129284;0.2860038,0.8120943;0.2944733,0.8129284;0.3026172,0.8153989;0.3101227,0.8194106;0.3167013,0.8248096;0.3221003,0.8313882;0.3261120,0.8388937;0.3285825,0.8470377
Z3%20Outpost	-9843406	0.4254500,0.8506817;0.4249198,0.8560651;0.4233495,0.8612416;0.4207996,0.8660122;0.4173679,0.8701938;0.4131863,0.8736255;0.4084157,0.8761755;0.4032392,0.8777457;0.3978558,0.8782759;0.3924724,0.8777457;0.3872960,0.8761755;0.3825253,0.8736255;0.3783438,0.8701938;0.3749121,0.8660122;0.3723621,0.8612416;0.3707918,0.8560651;0.3702616,0.8506817;0.3707918,0.8452983;0.3723621,0.8401219;0.3749121,0.8353512;0.3783438,0.8311697;0.3825253,0.8277380;0.3872960,0.8251880;0.3924724,0.8236178;0.3978558,0.8230875;0.4032392,0.8236178;0.4084157,0.8251880;0.4131863,0.8277380;0.4173679,0.8311697;0.4207996,0.8353512;0.4233495,0.8401219;0.4249198,0.8452983
Novigrad	-6895376	0.5331620,0.8527172;0.5326448,0.8579680;0.5311132,0.8630171;0.5286260,0.8676704;0.5252787,0.8717489;0.5212002,0.8750962;0.5165469,0.8775834;0.5114979,0.8791150;0.5062470,0.8796322;0.5009961,0.8791150;0.4959471,0.8775834;0.4912938,0.8750962;0.4872152,0.8717489;0.4838680,0.8676704;0.4813808,0.8630171;0.4798491,0.8579680;0.4793320,0.8527172;0.4798491,0.8474663;0.4813808,0.8424172;0.4838680,0.8377640;0.4872152,0.8336854;0.4912938,0.8303381;0.4959471,0.8278509;0.5009961,0.8263193;0.5062470,0.8258021;0.5114979,0.8263193;0.5165469,0.8278509;0.5212002,0.8303381;0.5252787,0.8336854;0.5286260,0.8377640;0.5311132,0.8424172;0.5326448,0.8474663
Z2%20Bunker	-1358291	0.5540106,0.8314199;0.5537233,0.8343363;0.5528727,0.8371405;0.5514913,0.8397249;0.5496323,0.8419902;0.5473670,0.8438492;0.5447826,0.8452306;0.5419784,0.8460813;0.5390620,0.8463685;0.5361457,0.8460813;0.5333415,0.8452306;0.5307571,0.8438492;0.5284918,0.8419902;0.5266327,0.8397249;0.5252514,0.8371405;0.5244007,0.8343363;0.5241135,0.8314199;0.5244007,0.8285036;0.5252514,0.8256994;0.5266327,0.8231150;0.5284918,0.8208497;0.5307571,0.8189906;0.5333415,0.8176093;0.5361457,0.8167586;0.5390620,0.8164714;0.5419784,0.8167586;0.5447826,0.8176093;0.5473670,0.8189906;0.5496323,0.8208497;0.5514913,0.8231150;0.5528727,0.8256994;0.5537233,0.8285036
Weapons%20Factory	-993486	0.7202060,0.8551207;0.7196733,0.8605282;0.7180960,0.8657280;0.7155346,0.8705201;0.7120875,0.8747203;0.7078872,0.8781675;0.7030951,0.8807288;0.6978954,0.8823062;0.6924879,0.8828388;0.6870804,0.8823062;0.6818807,0.8807288;0.6770886,0.8781675;0.6728883,0.8747203;0.6694412,0.8705201;0.6668798,0.8657280;0.6653025,0.8605282;0.6647698,0.8551207;0.6653025,0.8497132;0.6668798,0.8445135;0.6694412,0.8397214;0.6728883,0.8355211;0.6770886,0.8320740;0.6818807,0.8295126;0.6870804,0.8279353;0.6924879,0.8274027;0.6978954,0.8279353;0.7030951,0.8295126;0.7078872,0.8320740;0.7120875,0.8355211;0.7155346,0.8397214;0.7180960,0.8445135;0.7196733,0.8497132
Z0%20Airfield	-6895376	0.8901945,0.8157706;0.9180221,0.8157706;0.9180221,0.8637765;0.8901945,0.8637765
Motorbike%20Track	-6895376	0.2503300,0.8991061;0.2499366,0.9031004;0.2487715,0.9069412;0.2468795,0.9104810;0.2443333,0.9135836;0.2412307,0.9161298;0.2376909,0.9180219;0.2338501,0.9191869;0.2298558,0.9195803;0.2258614,0.9191869;0.2220206,0.9180219;0.2184809,0.9161298;0.2153783,0.9135836;0.2128320,0.9104810;0.2109400,0.9069412;0.2097749,0.9031004;0.2093815,0.8991061;0.2097749,0.8951117;0.2109400,0.8912709;0.2128320,0.8877312;0.2153783,0.8846286;0.2184809,0.8820823;0.2220206,0.8801903;0.2258614,0.8790252;0.2298558,0.8786318;0.2338501,0.8790252;0.2376909,0.8801903;0.2412307,0.8820823;0.2443333,0.8846286;0.2468795,0.8877312;0.2487715,0.8912709;0.2499366,0.8951117
Small%20Shipyard	-6895376	0.3192018,0.9079504;0.3189590,0.9104157;0.3182399,0.9127863;0.3170721,0.9149711;0.3155006,0.9168860;0.3135856,0.9184576;0.3114009,0.9196253;0.3090303,0.9203444;0.3065650,0.9205872;0.3040996,0.9203444;0.3017291,0.9196253;0.2995443,0.9184576;0.2976294,0.9168860;0.2960578,0.9149711;0.2948900,0.9127863;0.2941709,0.9104157;0.2939281,0.9079504;0.2941709,0.9054851;0.2948900,0.9031145;0.2960578,0.9009297;0.2976294,0.8990148;0.2995443,0.8974432;0.3017291,0.8962755;0.3040996,0.8955564;0.3065650,0.8953136;0.3090303,0.8955564;0.3114009,0.8962755;0.3135856,0.8974432;0.3155006,0.8990148;0.3170721,0.9009297;0.3182399,0.9031145;0.3189590,0.9054851
Salt%20Ponds	-6895376	0.4528641,0.8981561;0.4524459,0.9024013;0.4512076,0.9064834;0.4491968,0.9102455;0.4464906,0.9135430;0.4431931,0.9162492;0.4394310,0.9182600;0.4353489,0.9194983;0.4311037,0.9199165;0.4268585,0.9194983;0.4227764,0.9182600;0.4190143,0.9162492;0.4157168,0.9135430;0.4130107,0.9102455;0.4109998,0.9064834;0.4097615,0.9024013;0.4093434,0.8981561;0.4097615,0.8939109;0.4109998,0.8898288;0.4130107,0.8860667;0.4157168,0.8827692;0.4190143,0.8800631;0.4227764,0.8780522;0.4268585,0.8768139;0.4311037,0.8763958;0.4353489,0.8768139;0.4394310,0.8780522;0.4431931,0.8800631;0.4464906,0.8827692;0.4491968,0.8860667;0.4512076,0.8898288;0.4524459,0.8939109
Trainyard	-993486	0.5653035,0.8756004;0.6592234,0.8756004;0.6592234,0.9208245;0.5653035,0.9208245
Prvo%20Selo	-6895376	0.1602997,0.9562184;0.1596004,0.9633187;0.1575293,0.9701462;0.1541660,0.9764385;0.1496398,0.9819537;0.1441246,0.9864799;0.1378323,0.9898432;0.1310048,0.9919143;0.1239044,0.9926137;0.1168040,0.9919143;0.1099765,0.9898432;0.1036843,0.9864799;0.0981690,0.9819537;0.0936428,0.9764385;0.0902795,0.9701462;0.0882084,0.9633187;0.0875091,0.9562184;0.0882084,0.9491180;0.0902795,0.9422905;0.0936428,0.9359982;0.0981690,0.9304830;0.1036843,0.9259568;0.1099765,0.9225935;0.1168040,0.9205224;0.1239044,0.9198231;0.1310048,0.9205224;0.1378323,0.9225935;0.1441246,0.9259568;0.1496398,0.9304830;0.1541660,0.9359982;0.1575293,0.9422905;0.1596004,0.9491180
Z0%20Bunker	-1358291	0.8841026,0.9262190;0.8837535,0.9297638;0.8827195,0.9331723;0.8810405,0.9363136;0.8787808,0.9390671;0.8760274,0.9413267;0.8728861,0.9430057;0.8694776,0.9440397;0.8659328,0.9443889;0.8623881,0.9440397;0.8589795,0.9430057;0.8558382,0.9413267;0.8530848,0.9390671;0.8508252,0.9363136;0.8491461,0.9331723;0.8481122,0.9297638;0.8477630,0.9262190;0.8481122,0.9226743;0.8491461,0.9192657;0.8508252,0.9161245;0.8530848,0.9133710;0.8558382,0.9111114;0.8589795,0.9094324;0.8623881,0.9083984;0.8659328,0.9080492;0.8694776,0.9083984;0.8728861,0.9094324;0.8760274,0.9111114;0.8787808,0.9133710;0.8810405,0.9161245;0.8827195,0.9192657;0.8837535,0.9226743
Z0%20Bunker	-993486	0.8867879,0.9265960;0.8864228,0.9303027;0.8853416,0.9338669;0.8835858,0.9371517;0.8812230,0.9400309;0.8783438,0.9423937;0.8750590,0.9441495;0.8714948,0.9452307;0.8677881,0.9455958;0.8640814,0.9452307;0.8605171,0.9441495;0.8572323,0.9423937;0.8543532,0.9400309;0.8519903,0.9371517;0.8502346,0.9338669;0.8491533,0.9303027;0.8487883,0.9265960;0.8491533,0.9228893;0.8502346,0.9193251;0.8519903,0.9160402;0.8543532,0.9131611;0.8572323,0.9107983;0.8605171,0.9090425;0.8640814,0.9079612;0.8677881,0.9075962;0.8714948,0.9079612;0.8750590,0.9090425;0.8783438,0.9107983;0.8812230,0.9131611;0.8835858,0.9160402;0.8853416,0.9193251;0.8864228,0.9228893
Vrsar	-6895376	1.0025374,0.9667940;1.0021046,0.9711875;1.0008231,0.9754122;0.9987420,0.9793057;0.9959413,0.9827184;0.9925286,0.9855191;0.9886351,0.9876003;0.9844104,0.9888818;0.9800169,0.9893146;0.9756234,0.9888818;0.9713987,0.9876003;0.9675052,0.9855191;0.9640925,0.9827184;0.9612918,0.9793057;0.9592106,0.9754122;0.9579291,0.9711875;0.9574964,0.9667940;0.9579291,0.9624005;0.9592106,0.9581758;0.9612918,0.9542823;0.9640925,0.9508696;0.9675052,0.9480689;0.9713987,0.9459878;0.9756234,0.9447062;0.9800169,0.9442735;0.9844104,0.9447062;0.9886351,0.9459878;0.9925286,0.9480689;0.9959413,0.9508696;0.9987420,0.9542823;1.0008231,0.9581758;1.0021046,0.9624005
D1%20Graveyard	-1	0.74015625,0.00292969;0.73981999,0.00634377;0.73882414,0.00962665;0.73720697,0.01265217;0.73503062,0.01530406;0.73237873,0.01748041;0.72935321,0.01909758;0.72607033,0.02009343;0.72265625,0.02042969;0.71924217,0.02009343;0.71595929,0.01909758;0.71293377,0.01748041;0.71028188,0.01530406;0.70810553,0.01265217;0.70648836,0.00962665;0.70549251,0.00634377;0.70515625,0.00292969;0.70549251,0.00000000;0.70648836,0.00000000;0.70810553,0.00000000;0.71028188,0.00000000;0.71293377,0.00000000;0.71595929,0.00000000;0.71924217,0.00000000;0.72265625,0.00000000;0.72607033,0.00000000;0.72935321,0.00000000;0.73237873,0.00000000;0.73503062,0.00000000;0.73720697,0.00000000;0.73882414,0.00000000;0.73981999,0.00000000
D3%20City%20Warehouse	-1	0.40003349,0.01660156;0.39969723,0.02001564;0.39870138,0.02329852;0.39708421,0.02632404;0.39490786,0.02897593;0.39225597,0.03115228;0.38923045,0.03276945;0.38594757,0.03376530;0.38253349,0.03410156;0.37911941,0.03376530;0.37583653,0.03276945;0.37281101,0.03115228;0.37015912,0.02897593;0.36798277,0.02632404;0.36636560,0.02329852;0.36536975,0.02001564;0.36503349,0.01660156;0.36536975,0.01318748;0.36636560,0.00990460;0.36798277,0.00687908;0.37015912,0.00422719;0.37281101,0.00205084;0.37583653,0.00043367;0.37911941,0.00000000;0.38253349,0.00000000;0.38594757,0.00000000;0.38923045,0.00043367;0.39225597,0.00205084;0.39490786,0.00422719;0.39708421,0.00687908;0.39870138,0.00990460;0.39969723,0.01318748
D4%20Clock%20house	-1	0.18386029,0.02023495;0.18352403,0.02364903;0.18252818,0.02693191;0.18091101,0.02995743;0.17873466,0.03260932;0.17608277,0.03478567;0.17305725,0.03640284;0.16977437,0.03739869;0.16636029,0.03773495;0.16294621,0.03739869;0.15966333,0.03640284;0.15663781,0.03478567;0.15398592,0.03260932;0.15180957,0.02995743;0.15019240,0.02693191;0.14919655,0.02364903;0.14886029,0.02023495;0.14919655,0.01682087;0.15019240,0.01353799;0.15180957,0.01051247;0.15398592,0.00786058;0.15663781,0.00568423;0.15966333,0.00406706;0.16294621,0.00307121;0.16636029,0.00273495;0.16977437,0.00307121;0.17305725,0.00406706;0.17608277,0.00568423;0.17873466,0.00786058;0.18091101,0.01051247;0.18252818,0.01353799;0.18352403,0.01682087
D2%20Little%20bridge	-1	0.43957679,0.05943631;0.43924053,0.06285039;0.43824468,0.06613327;0.43662751,0.06915879;0.43445116,0.07181068;0.43179927,0.07398702;0.42877375,0.07560420;0.42549087,0.07660005;0.42207679,0.07693631;0.41866271,0.07660005;0.41537983,0.07560420;0.41235431,0.07398702;0.40970242,0.07181068;0.40752607,0.06915879;0.40590890,0.06613327;0.40491305,0.06285039;0.40457679,0.05943631;0.40491305,0.05602223;0.40590890,0.05273935;0.40752607,0.04971383;0.40970242,0.04706194;0.41235431,0.04488559;0.41537983,0.04326841;0.41866271,0.04227256;0.42207679,0.04193631;0.42549087,0.04227256;0.42877375,0.04326841;0.43179927,0.04488559;0.43445116,0.04706194;0.43662751,0.04971383;0.43824468,0.05273935;0.43924053,0.05602223
D3%20-%20General%20Store	-1	0.24894531,0.07128906;0.24860905,0.07470314;0.24761320,0.07798602;0.24599603,0.08101154;0.24381968,0.08366343;0.24116779,0.08583978;0.23814227,0.08745695;0.23485939,0.08845280;0.23144531,0.08878906;0.22803123,0.08845280;0.22474835,0.08745695;0.22172283,0.08583978;0.21907094,0.08366343;0.21689459,0.08101154;0.21527742,0.07798602;0.21428157,0.07470314;0.21394531,0.07128906;0.21428157,0.06787498;0.21527742,0.06459210;0.21689459,0.06156658;0.21907094,0.05891469;0.22172283,0.05673834;0.22474835,0.05512117;0.22803123,0.05412532;0.23144531,0.05378906;0.23485939,0.05412532;0.23814227,0.05512117;0.24116779,0.05673834;0.24381968,0.05891469;0.24599603,0.06156658;0.24761320,0.06459210;0.24860905,0.06787498
D2%20Lumbermill%20cabin	-1	0.49650391,0.08105469;0.49616765,0.08446877;0.49517180,0.08775165;0.49355462,0.09077717;0.49137827,0.09342906;0.48872639,0.09560541;0.48570087,0.09722258;0.48241799,0.09821843;0.47900391,0.09855469;0.47558983,0.09821843;0.47230695,0.09722258;0.46928143,0.09560541;0.46662954,0.09342906;0.46445319,0.09077717;0.46283601,0.08775165;0.46184016,0.08446877;0.46150391,0.08105469;0.46184016,0.07764061;0.46283601,0.07435773;0.46445319,0.07133221;0.46662954,0.06868032;0.46928143,0.06650397;0.47230695,0.06488680;0.47558983,0.06389095;0.47900391,0.06355469;0.48241799,0.06389095;0.48570087,0.06488680;0.48872639,0.06650397;0.49137827,0.06868032;0.49355462,0.07133221;0.49517180,0.07435773;0.49616765,0.07764061
D4%20Stable%20ruins	-1	0.12687500,0.08740234;0.12653874,0.09081642;0.12554289,0.09409930;0.12392572,0.09712482;0.12174937,0.09977671;0.11909748,0.10195306;0.11607196,0.10357024;0.11278908,0.10456609;0.10937500,0.10490234;0.10596092,0.10456609;0.10267804,0.10357024;0.09965252,0.10195306;0.09700063,0.09977671;0.09482428,0.09712482;0.09320711,0.09409930;0.09221126,0.09081642;0.09187500,0.08740234;0.09221126,0.08398826;0.09320711,0.08070538;0.09482428,0.07767986;0.09700063,0.07502798;0.09965252,0.07285163;0.10267804,0.07123445;0.10596092,0.07023860;0.10937500,0.06990234;0.11278908,0.07023860;0.11607196,0.07123445;0.11909748,0.07285163;0.12174937,0.07502798;0.12392572,0.07767986;0.12554289,0.08070538;0.12653874,0.08398826
D3%20Little%20town%20-%20House	-1	0.37248047,0.09130859;0.37214421,0.09472267;0.37114836,0.09800555;0.36953119,0.10103107;0.36735484,0.10368296;0.36470295,0.10585931;0.36167743,0.10747649;0.35839455,0.10847234;0.35498047,0.10880859;0.35156639,0.10847234;0.34828351,0.10747649;0.34525799,0.10585931;0.34260610,0.10368296;0.34042975,0.10103107;0.33881258,0.09800555;0.33781673,0.09472267;0.33748047,0.09130859;0.33781673,0.08789451;0.33881258,0.08461163;0.34042975,0.08158611;0.34260610,0.07893423;0.34525799,0.07675788;0.34828351,0.07514070;0.35156639,0.07414485;0.35498047,0.07380859;0.35839455,0.07414485;0.36167743,0.07514070;0.36470295,0.07675788;0.36735484,0.07893423;0.36953119,0.08158611;0.37114836,0.08461163;0.37214421,0.08789451
D4%20City%20-%20Pharmacy	-1	0.06003627,0.11504255;0.05970002,0.11845663;0.05870417,0.12173951;0.05708699,0.12476503;0.05491064,0.12741692;0.05225875,0.12959327;0.04923323,0.13121044;0.04595035,0.13220629;0.04253627,0.13254255;0.03912219,0.13220629;0.03583931,0.13121044;0.03281379,0.12959327;0.03016190,0.12741692;0.02798556,0.12476503;0.02636838,0.12173951;0.02537253,0.11845663;0.02503627,0.11504255;0.02537253,0.11162847;0.02636838,0.10834559;0.02798556,0.10532007;0.03016190,0.10266818;0.03281379,0.10049183;0.03583931,0.09887466;0.03912219,0.09787881;0.04253627,0.09754255;0.04595035,0.09787881;0.04923323,0.09887466;0.05225875,0.10049183;0.05491064,0.10266818;0.05708699,0.10532007;0.05870417,0.10834559;0.05970002,0.11162847
D1%20Food%20store	-1	0.65059950,0.12108257;0.65026324,0.12449665;0.64926739,0.12777953;0.64765021,0.13080505;0.64547387,0.13345694;0.64282198,0.13563328;0.63979646,0.13725046;0.63651358,0.13824631;0.63309950,0.13858257;0.62968542,0.13824631;0.62640254,0.13725046;0.62337702,0.13563328;0.62072513,0.13345694;0.61854878,0.13080505;0.61693160,0.12777953;0.61593575,0.12449665;0.61559950,0.12108257;0.61593575,0.11766849;0.61693160,0.11438561;0.61854878,0.11136009;0.62072513,0.10870820;0.62337702,0.10653185;0.62640254,0.10491467;0.62968542,0.10391882;0.63309950,0.10358257;0.63651358,0.10391882;0.63979646,0.10491467;0.64282198,0.10653185;0.64547387,0.10870820;0.64765021,0.11136009;0.64926739,0.11438561;0.65026324,0.11766849
D1%20Farm	-1	0.80802734,0.16503906;0.80769109,0.16845314;0.80669524,0.17173602;0.80507806,0.17476154;0.80290171,0.17741343;0.80024982,0.17958978;0.79722430,0.18120695;0.79394142,0.18220280;0.79052734,0.18253906;0.78711326,0.18220280;0.78383038,0.18120695;0.78080486,0.17958978;0.77815298,0.17741343;0.77597663,0.17476154;0.77435945,0.17173602;0.77336360,0.16845314;0.77302734,0.16503906;0.77336360,0.16162498;0.77435945,0.15834210;0.77597663,0.15531658;0.77815298,0.15266469;0.78080486,0.15048834;0.78383038,0.14887117;0.78711326,0.14787532;0.79052734,0.14753906;0.79394142,0.14787532;0.79722430,0.14887117;0.80024982,0.15048834;0.80290171,0.15266469;0.80507806,0.15531658;0.80669524,0.15834210;0.80769109,0.16162498
D4%20City%20-%20Police%20Station	-1	0.04851047,0.18419258;0.04817421,0.18760666;0.04717836,0.19088954;0.04556118,0.19391506;0.04338483,0.19656695;0.04073294,0.19874330;0.03770743,0.20036047;0.03442455,0.20135633;0.03101047,0.20169258;0.02759639,0.20135633;0.02431351,0.20036047;0.02128799,0.19874330;0.01863610,0.19656695;0.01645975,0.19391506;0.01484257,0.19088954;0.01384672,0.18760666;0.01351047,0.18419258;0.01384672,0.18077850;0.01484257,0.17749562;0.01645975,0.17447010;0.01863610,0.17181821;0.02128799,0.16964186;0.02431351,0.16802469;0.02759639,0.16702884;0.03101047,0.16669258;0.03442455,0.16702884;0.03770743,0.16802469;0.04073294,0.16964186;0.04338483,0.17181821;0.04556118,0.17447010;0.04717836,0.17749562;0.04817421,0.18077850
C1%20ww2%20bunker	-1	0.71411456,0.20768230;0.71377831,0.21109638;0.71278246,0.21437926;0.71116528,0.21740478;0.70898893,0.22005667;0.70633704,0.22223301;0.70331152,0.22385019;0.70002864,0.22484604;0.69661456,0.22518230;0.69320048,0.22484604;0.68991760,0.22385019;0.68689208,0.22223301;0.68424019,0.22005667;0.68206385,0.21740478;0.68044667,0.21437926;0.67945082,0.21109638;0.67911456,0.20768230;0.67945082,0.20426822;0.68044667,0.20098534;0.68206385,0.19795982;0.68424019,0.19530793;0.68689208,0.19313158;0.68991760,0.19151440;0.69320048,0.19051855;0.69661456,0.19018230;0.70002864,0.19051855;0.70331152,0.19151440;0.70633704,0.19313158;0.70898893,0.19530793;0.71116528,0.19795982;0.71278246,0.20098534;0.71377831,0.20426822
C3%20Little%20cabin	-1	0.38061850,0.28125000;0.38028224,0.28466408;0.37928639,0.28794696;0.37766922,0.29097248;0.37549287,0.29362437;0.37284098,0.29580072;0.36981546,0.29741789;0.36653258,0.29841374;0.36311850,0.29875000;0.35970442,0.29841374;0.35642154,0.29741789;0.35339602,0.29580072;0.35074413,0.29362437;0.34856778,0.29097248;0.34695061,0.28794696;0.34595476,0.28466408;0.34561850,0.28125000;0.34595476,0.27783592;0.34695061,0.27455304;0.34856778,0.27152752;0.35074413,0.26887563;0.35339602,0.26669928;0.35642154,0.26508211;0.35970442,0.26408626;0.36311850,0.26375000;0.36653258,0.26408626;0.36981546,0.26508211;0.37284098,0.26669928;0.37549287,0.26887563;0.37766922,0.27152752;0.37928639,0.27455304;0.38028224,0.27783592
C4%20Wine%20farm	-1	0.19181641,0.29963031;0.19148015,0.30304439;0.19048430,0.30632727;0.18886712,0.30935279;0.18669077,0.31200468;0.18403889,0.31418103;0.18101337,0.31579821;0.17773049,0.31679406;0.17431641,0.31713031;0.17090233,0.31679406;0.16761945,0.31579821;0.16459393,0.31418103;0.16194204,0.31200468;0.15976569,0.30935279;0.15814851,0.30632727;0.15715266,0.30304439;0.15681641,0.29963031;0.15715266,0.29621623;0.15814851,0.29293335;0.15976569,0.28990784;0.16194204,0.28725595;0.16459393,0.28507960;0.16761945,0.28346242;0.17090233,0.28246657;0.17431641,0.28213031;0.17773049,0.28246657;0.18101337,0.28346242;0.18403889,0.28507960;0.18669077,0.28725595;0.18886712,0.28990784;0.19048430,0.29293335;0.19148015,0.29621623
C1%20Little%20farm	-1	0.78967042,0.30652320;0.78933417,0.30993728;0.78833832,0.31322016;0.78672114,0.31624568;0.78454479,0.31889757;0.78189290,0.32107392;0.77886738,0.32269110;0.77558451,0.32368695;0.77217042,0.32402320;0.76875634,0.32368695;0.76547346,0.32269110;0.76244795,0.32107392;0.75979606,0.31889757;0.75761971,0.31624568;0.75600253,0.31322016;0.75500668,0.30993728;0.75467042,0.30652320;0.75500668,0.30310912;0.75600253,0.29982624;0.75761971,0.29680072;0.75979606,0.29414884;0.76244795,0.29197249;0.76547346,0.29035531;0.76875634,0.28935946;0.77217042,0.28902320;0.77558451,0.28935946;0.77886738,0.29035531;0.78189290,0.29197249;0.78454479,0.29414884;0.78672114,0.29680072;0.78833832,0.29982624;0.78933417,0.30310912
C4%20WWII%20Bunker	-1	0.04350628,0.33005691;0.04317003,0.33347099;0.04217418,0.33675387;0.04055700,0.33977938;0.03838065,0.34243127;0.03572876,0.34460762;0.03270324,0.34622480;0.02942036,0.34722065;0.02600628,0.34755691;0.02259220,0.34722065;0.01930932,0.34622480;0.01628380,0.34460762;0.01363191,0.34243127;0.01145557,0.33977938;0.00983839,0.33675387;0.00884254,0.33347099;0.00850628,0.33005691;0.00884254,0.32664283;0.00983839,0.32335995;0.01145557,0.32033443;0.01363191,0.31768254;0.01628380,0.31550619;0.01930932,0.31388901;0.02259220,0.31289316;0.02600628,0.31255691;0.02942036,0.31289316;0.03270324,0.31388901;0.03572876,0.31550619;0.03838065,0.31768254;0.04055700,0.32033443;0.04217418,0.32335995;0.04317003,0.32664283
B2%20Little%20Farm	-1	0.51687856,0.47286341;0.51654230,0.47627749;0.51554645,0.47956037;0.51392928,0.48258589;0.51175293,0.48523777;0.50910104,0.48741412;0.50607552,0.48903130;0.50279264,0.49002715;0.49937856,0.49036341;0.49596448,0.49002715;0.49268160,0.48903130;0.48965608,0.48741412;0.48700419,0.48523777;0.48482784,0.48258589;0.48321067,0.47956037;0.48221482,0.47627749;0.48187856,0.47286341;0.48221482,0.46944933;0.48321067,0.46616645;0.48482784,0.46314093;0.48700419,0.46048904;0.48965608,0.45831269;0.49268160,0.45669551;0.49596448,0.45569966;0.49937856,0.45536341;0.50279264,0.45569966;0.50607552,0.45669551;0.50910104,0.45831269;0.51175293,0.46048904;0.51392928,0.46314093;0.51554645,0.46616645;0.51654230,0.46944933
B3%20WWII%20Bunker	-1	0.30802734,0.53594971;0.30769109,0.53936379;0.30669524,0.54264667;0.30507806,0.54567219;0.30290171,0.54832408;0.30024982,0.55050043;0.29722430,0.55211760;0.29394142,0.55311345;0.29052734,0.55344971;0.28711326,0.55311345;0.28383038,0.55211760;0.28080486,0.55050043;0.27815298,0.54832408;0.27597663,0.54567219;0.27435945,0.54264667;0.27336360,0.53936379;0.27302734,0.53594971;0.27336360,0.53253563;0.27435945,0.52925275;0.27597663,0.52622723;0.27815298,0.52357534;0.28080486,0.52139899;0.28383038,0.51978182;0.28711326,0.51878596;0.29052734,0.51844971;0.29394142,0.51878596;0.29722430,0.51978182;0.30024982,0.52139899;0.30290171,0.52357534;0.30507806,0.52622723;0.30669524,0.52925275;0.30769109,0.53253563
B3%20Little%20farm	-1	0.28800781,0.54629517;0.28767155,0.54970925;0.28667570,0.55299213;0.28505853,0.55601765;0.28288218,0.55866953;0.28023029,0.56084588;0.27720477,0.56246306;0.27392189,0.56345891;0.27050781,0.56379517;0.26709373,0.56345891;0.26381085,0.56246306;0.26078533,0.56084588;0.25813344,0.55866953;0.25595709,0.55601765;0.25433992,0.55299213;0.25334407,0.54970925;0.25300781,0.54629517;0.25334407,0.54288109;0.25433992,0.53959821;0.25595709,0.53657269;0.25813344,0.53392080;0.26078533,0.53174445;0.26381085,0.53012727;0.26709373,0.52913142;0.27050781,0.52879517;0.27392189,0.52913142;0.27720477,0.53012727;0.28023029,0.53174445;0.28288218,0.53392080;0.28505853,0.53657269;0.28667570,0.53959821;0.28767155,0.54288109
B2%20WWII%20Bunker	-1	0.55981769,0.55664062;0.55948143,0.56005471;0.55848558,0.56333759;0.55686841,0.56636310;0.55469206,0.56901499;0.55204017,0.57119134;0.54901465,0.57280852;0.54573177,0.57380437;0.54231769,0.57414062;0.53890361,0.57380437;0.53562073,0.57280852;0.53259521,0.57119134;0.52994332,0.56901499;0.52776697,0.56636310;0.52614980,0.56333759;0.52515395,0.56005471;0.52481769,0.55664062;0.52515395,0.55322654;0.52614980,0.54994366;0.52776697,0.54691815;0.52994332,0.54426626;0.53259521,0.54208991;0.53562073,0.54047273;0.53890361,0.53947688;0.54231769,0.53914063;0.54573177,0.53947688;0.54901465,0.54047273;0.55204017,0.54208991;0.55469206,0.54426626;0.55686841,0.54691815;0.55848558,0.54994366;0.55948143,0.55322654
B1%20Barn	-1	0.73148926,0.55664062;0.73115300,0.56005471;0.73015715,0.56333759;0.72853998,0.56636310;0.72636363,0.56901499;0.72371174,0.57119134;0.72068622,0.57280852;0.71740334,0.57380437;0.71398926,0.57414062;0.71057518,0.57380437;0.70729230,0.57280852;0.70426678,0.57119134;0.70161489,0.56901499;0.69943854,0.56636310;0.69782137,0.56333759;0.69682552,0.56005471;0.69648926,0.55664062;0.69682552,0.55322654;0.69782137,0.54994366;0.69943854,0.54691815;0.70161489,0.54426626;0.70426678,0.54208991;0.70729230,0.54047273;0.71057518,0.53947688;0.71398926,0.53914063;0.71740334,0.53947688;0.72068622,0.54047273;0.72371174,0.54208991;0.72636363,0.54426626;0.72853998,0.54691815;0.73015715,0.54994366;0.73115300,0.55322654
B2%20Farm	-1	0.52475448,0.56389511;0.52441822,0.56730919;0.52342237,0.57059207;0.52180520,0.57361759;0.51962885,0.57626947;0.51697696,0.57844582;0.51395144,0.58006300;0.51066856,0.58105885;0.50725448,0.58139511;0.50384040,0.58105885;0.50055752,0.58006300;0.49753200,0.57844582;0.49488011,0.57626947;0.49270376,0.57361759;0.49108659,0.57059207;0.49009074,0.56730919;0.48975448,0.56389511;0.49009074,0.56048103;0.49108659,0.55719815;0.49270376,0.55417263;0.49488011,0.55152074;0.49753200,0.54934439;0.50055752,0.54772721;0.50384040,0.54673136;0.50725448,0.54639511;0.51066856,0.54673136;0.51395144,0.54772721;0.51697696,0.54934439;0.51962885,0.55152074;0.52180520,0.55417263;0.52342237,0.55719815;0.52441822,0.56048103
B1%20WWII%20Bunker	-1	0.64397247,0.58321381;0.64363622,0.58662789;0.64264036,0.58991077;0.64102319,0.59293629;0.63884684,0.59558817;0.63619495,0.59776452;0.63316943,0.59938170;0.62988655,0.60037755;0.62647247,0.60071381;0.62305839,0.60037755;0.61977551,0.59938170;0.61674999,0.59776452;0.61409810,0.59558817;0.61192175,0.59293629;0.61030458,0.58991077;0.60930873,0.58662789;0.60897247,0.58321381;0.60930873,0.57979973;0.61030458,0.57651685;0.61192175,0.57349133;0.61409810,0.57083944;0.61674999,0.56866309;0.61977551,0.56704591;0.62305839,0.56605006;0.62647247,0.56571381;0.62988655,0.56605006;0.63316943,0.56704591;0.63619495,0.56866309;0.63884684,0.57083944;0.64102319,0.57349133;0.64264036,0.57651685;0.64363622,0.57979973
B1%20Little%20Farm	-1	0.71183594,0.58613282;0.71149968,0.58954691;0.71050383,0.59282978;0.70888666,0.59585530;0.70671031,0.59850719;0.70405842,0.60068354;0.70103290,0.60230072;0.69775002,0.60329657;0.69433594,0.60363282;0.69092186,0.60329657;0.68763898,0.60230072;0.68461346,0.60068354;0.68196157,0.59850719;0.67978522,0.59585530;0.67816805,0.59282978;0.67717220,0.58954691;0.67683594,0.58613282;0.67717220,0.58271874;0.67816805,0.57943586;0.67978522,0.57641035;0.68196157,0.57375846;0.68461346,0.57158211;0.68763898,0.56996493;0.69092186,0.56896908;0.69433594,0.56863282;0.69775002,0.56896908;0.70103290,0.56996493;0.70405842,0.57158211;0.70671031,0.57375846;0.70888666,0.57641035;0.71050383,0.57943586;0.71149968,0.58271874
A4%20Street%20between%202%20houses	-1	0.11403727,0.63180542;0.11370101,0.63521950;0.11270516,0.63850238;0.11108799,0.64152790;0.10891164,0.64417979;0.10625975,0.64635614;0.10323423,0.64797331;0.09995135,0.64896916;0.09653727,0.64930542;0.09312319,0.64896916;0.08984031,0.64797331;0.08681479,0.64635614;0.08416290,0.64417979;0.08198655,0.64152790;0.08036938,0.63850238;0.07937353,0.63521950;0.07903727,0.63180542;0.07937353,0.62839134;0.08036938,0.62510846;0.08198655,0.62208294;0.08416290,0.61943105;0.08681479,0.61725470;0.08984031,0.61563753;0.09312319,0.61464168;0.09653727,0.61430542;0.09995135,0.61464168;0.10323423,0.61563753;0.10625975,0.61725470;0.10891164,0.61943105;0.11108799,0.62208294;0.11270516,0.62510846;0.11370101,0.62839134
A0%20Offices	-1	0.92891766,0.63286132;0.92858141,0.63627540;0.92758555,0.63955828;0.92596838,0.64258380;0.92379203,0.64523568;0.92114014,0.64741203;0.91811462,0.64902921;0.91483174,0.65002506;0.91141766,0.65036132;0.90800358,0.65002506;0.90472070,0.64902921;0.90169518,0.64741203;0.89904329,0.64523568;0.89686694,0.64258380;0.89524977,0.63955828;0.89425392,0.63627540;0.89391766,0.63286132;0.89425392,0.62944724;0.89524977,0.62616436;0.89686694,0.62313884;0.89904329,0.62048695;0.90169518,0.61831060;0.90472070,0.61669342;0.90800358,0.61569757;0.91141766,0.61536132;0.91483174,0.61569757;0.91811462,0.61669342;0.92114014,0.61831060;0.92379203,0.62048695;0.92596838,0.62313884;0.92758555,0.62616436;0.92858141,0.62944724
A3%20Farm	-1	0.24389094,0.65462679;0.24355469,0.65804087;0.24255883,0.66132375;0.24094166,0.66434927;0.23876531,0.66700116;0.23611342,0.66917750;0.23308790,0.67079468;0.22980502,0.67179053;0.22639094,0.67212679;0.22297686,0.67179053;0.21969398,0.67079468;0.21666846,0.66917750;0.21401657,0.66700116;0.21184022,0.66434927;0.21022305,0.66132375;0.20922720,0.65804087;0.20889094,0.65462679;0.20922720,0.65121271;0.21022305,0.64792983;0.21184022,0.64490431;0.21401657,0.64225242;0.21666846,0.64007607;0.21969398,0.63845889;0.22297686,0.63746304;0.22639094,0.63712679;0.22980502,0.63746304;0.23308790,0.63845889;0.23611342,0.64007607;0.23876531,0.64225242;0.24094166,0.64490431;0.24255883,0.64792983;0.24355469,0.65121271
A1%20Stables	-1	0.68714310,0.66154629;0.68680685,0.66496037;0.68581100,0.66824325;0.68419382,0.67126877;0.68201747,0.67392066;0.67936558,0.67609701;0.67634006,0.67771418;0.67305718,0.67871003;0.66964310,0.67904629;0.66622902,0.67871003;0.66294614,0.67771418;0.65992062,0.67609701;0.65726874,0.67392066;0.65509239,0.67126877;0.65347521,0.66824325;0.65247936,0.66496037;0.65214310,0.66154629;0.65247936,0.65813221;0.65347521,0.65484933;0.65509239,0.65182381;0.65726874,0.64917192;0.65992062,0.64699557;0.66294614,0.64537840;0.66622902,0.64438255;0.66964310,0.64404629;0.67305718,0.64438255;0.67634006,0.64537840;0.67936558,0.64699557;0.68201747,0.64917192;0.68419382,0.65182381;0.68581100,0.65484933;0.68680685,0.65813221
A2%20Store%20with%20ATM	-1	0.48520367,0.66803849;0.48486741,0.67145257;0.48387156,0.67473545;0.48225439,0.67776097;0.48007804,0.68041286;0.47742615,0.68258921;0.47440063,0.68420638;0.47111775,0.68520223;0.46770367,0.68553849;0.46428959,0.68520223;0.46100671,0.68420638;0.45798119,0.68258921;0.45532930,0.68041286;0.45315295,0.67776097;0.45153578,0.67473545;0.45053993,0.67145257;0.45020367,0.66803849;0.45053993,0.66462441;0.45153578,0.66134153;0.45315295,0.65831601;0.45532930,0.65566412;0.45798119,0.65348777;0.46100671,0.65187060;0.46428959,0.65087475;0.46770367,0.65053849;0.47111775,0.65087475;0.47440063,0.65187060;0.47742615,0.65348777;0.48007804,0.65566412;0.48225439,0.65831601;0.48387156,0.66134153;0.48486741,0.66462441
A2%20Stables	-1	0.56616040,0.67128980;0.56582414,0.67470388;0.56482829,0.67798676;0.56321112,0.68101228;0.56103477,0.68366417;0.55838288,0.68584052;0.55535736,0.68745769;0.55207448,0.68845354;0.54866040,0.68878980;0.54524632,0.68845354;0.54196344,0.68745769;0.53893792,0.68584052;0.53628603,0.68366417;0.53410968,0.68101228;0.53249251,0.67798676;0.53149666,0.67470388;0.53116040,0.67128980;0.53149666,0.66787572;0.53249251,0.66459284;0.53410968,0.66156732;0.53628603,0.65891543;0.53893792,0.65673908;0.54196344,0.65512191;0.54524632,0.65412606;0.54866040,0.65378980;0.55207448,0.65412606;0.55535736,0.65512191;0.55838288,0.65673908;0.56103477,0.65891543;0.56321112,0.66156732;0.56482829,0.66459284;0.56582414,0.66787572
A4%20Lighthouse	-1	0.06073724,0.67446125;0.06040099,0.67787533;0.05940513,0.68115821;0.05778796,0.68418372;0.05561161,0.68683561;0.05295972,0.68901196;0.04993420,0.69062914;0.04665132,0.69162499;0.04323724,0.69196125;0.03982316,0.69162499;0.03654028,0.69062914;0.03351476,0.68901196;0.03086287,0.68683561;0.02868652,0.68418372;0.02706935,0.68115821;0.02607350,0.67787533;0.02573724,0.67446125;0.02607350,0.67104716;0.02706935,0.66776429;0.02868652,0.66473877;0.03086287,0.66208688;0.03351476,0.65991053;0.03654028,0.65829335;0.03982316,0.65729750;0.04323724,0.65696125;0.04665132,0.65729750;0.04993420,0.65829335;0.05295972,0.65991053;0.05561161,0.66208688;0.05778796,0.66473877;0.05940513,0.66776429;0.06040099,0.67104716
A1%20School	-1	0.74207182,0.68484575;0.74173557,0.68825983;0.74073972,0.69154271;0.73912254,0.69456822;0.73694619,0.69722011;0.73429430,0.69939646;0.73126878,0.70101364;0.72798590,0.70200949;0.72457182,0.70234575;0.72115774,0.70200949;0.71787486,0.70101364;0.71484934,0.69939646;0.71219746,0.69722011;0.71002111,0.69456822;0.70840393,0.69154271;0.70740808,0.68825983;0.70707182,0.68484575;0.70740808,0.68143166;0.70840393,0.67814879;0.71002111,0.67512327;0.71219746,0.67247138;0.71484934,0.67029503;0.71787486,0.66867785;0.72115774,0.66768200;0.72457182,0.66734575;0.72798590,0.66768200;0.73126878,0.66867785;0.73429430,0.67029503;0.73694619,0.67247138;0.73912254,0.67512327;0.74073972,0.67814879;0.74173557,0.68143166
A0%20Camping	-1	0.99826171,0.70322263;0.99792545,0.70663671;0.99692960,0.70991959;0.99531243,0.71294511;0.99313608,0.71559700;0.99048419,0.71777335;0.98745867,0.71939052;0.98417579,0.72038637;0.98076171,0.72072263;0.97734763,0.72038637;0.97406475,0.71939052;0.97103923,0.71777335;0.96838734,0.71559700;0.96621099,0.71294511;0.96459382,0.70991959;0.96359796,0.70663671;0.96326171,0.70322263;0.96359796,0.69980855;0.96459382,0.69652567;0.96621099,0.69350015;0.96838734,0.69084826;0.97103923,0.68867191;0.97406475,0.68705474;0.97734763,0.68605889;0.98076171,0.68572263;0.98417579,0.68605889;0.98745867,0.68705474;0.99048419,0.68867191;0.99313608,0.69084826;0.99531243,0.69350015;0.99692960,0.69652567;0.99792545,0.69980855
A4%20House%20ruins	-1	0.15226563,0.72851562;0.15192937,0.73192971;0.15093352,0.73521259;0.14931634,0.73823810;0.14713999,0.74088999;0.14448810,0.74306634;0.14146259,0.74468352;0.13817971,0.74567937;0.13476562,0.74601562;0.13135154,0.74567937;0.12806866,0.74468352;0.12504315,0.74306634;0.12239126,0.74088999;0.12021491,0.73823810;0.11859773,0.73521259;0.11760188,0.73192971;0.11726562,0.72851562;0.11760188,0.72510154;0.11859773,0.72181866;0.12021491,0.71879315;0.12239126,0.71614126;0.12504315,0.71396491;0.12806866,0.71234773;0.13135154,0.71135188;0.13476562,0.71101563;0.13817971,0.71135188;0.14146259,0.71234773;0.14448810,0.71396491;0.14713999,0.71614126;0.14931634,0.71879315;0.15093352,0.72181866;0.15192937,0.72510154
A3%20WWII%20bunker	-1	0.38918375,0.76835126;0.38884749,0.77176534;0.38785164,0.77504822;0.38623446,0.77807374;0.38405812,0.78072563;0.38140623,0.78290198;0.37838071,0.78451915;0.37509783,0.78551500;0.37168375,0.78585126;0.36826967,0.78551500;0.36498679,0.78451915;0.36196127,0.78290198;0.35930938,0.78072563;0.35713303,0.77807374;0.35551585,0.77504822;0.35452000,0.77176534;0.35418375,0.76835126;0.35452000,0.76493718;0.35551585,0.76165430;0.35713303,0.75862878;0.35930938,0.75597689;0.36196127,0.75380054;0.36498679,0.75218337;0.36826967,0.75118751;0.37168375,0.75085126;0.37509783,0.75118751;0.37838071,0.75218337;0.38140623,0.75380054;0.38405812,0.75597689;0.38623446,0.75862878;0.38785164,0.76165430;0.38884749,0.76493718
A3%20Island%20WWII%20bunker	-1	0.27655684,0.77751702;0.27622058,0.78093110;0.27522473,0.78421398;0.27360755,0.78723950;0.27143121,0.78989139;0.26877932,0.79206774;0.26575380,0.79368491;0.26247092,0.79468076;0.25905684,0.79501702;0.25564276,0.79468076;0.25235988,0.79368491;0.24933436,0.79206774;0.24668247,0.78989139;0.24450612,0.78723950;0.24288894,0.78421398;0.24189309,0.78093110;0.24155684,0.77751702;0.24189309,0.77410294;0.24288894,0.77082006;0.24450612,0.76779454;0.24668247,0.76514265;0.24933436,0.76296630;0.25235988,0.76134913;0.25564276,0.76035328;0.25905684,0.76001702;0.26247092,0.76035328;0.26575380,0.76134913;0.26877932,0.76296630;0.27143121,0.76514265;0.27360755,0.76779454;0.27522473,0.77082006;0.27622058,0.77410294
Z0%20WWII%20bunker	-1	0.94600792,0.83237964;0.94567167,0.83579372;0.94467582,0.83907660;0.94305864,0.84210212;0.94088229,0.84475401;0.93823040,0.84693036;0.93520488,0.84854753;0.93192200,0.84954338;0.92850792,0.84987964;0.92509384,0.84954338;0.92181096,0.84854753;0.91878545,0.84693036;0.91613356,0.84475401;0.91395721,0.84210212;0.91234003,0.83907660;0.91134418,0.83579372;0.91100792,0.83237964;0.91134418,0.82896556;0.91234003,0.82568268;0.91395721,0.82265716;0.91613356,0.82000527;0.91878545,0.81782892;0.92181096,0.81621175;0.92509384,0.81521590;0.92850792,0.81487964;0.93192200,0.81521590;0.93520488,0.81621175;0.93823040,0.81782892;0.94088229,0.82000527;0.94305864,0.82265716;0.94467582,0.82568268;0.94567167,0.82896556
Z4%20Lighthouse	-1	0.02946787,0.85060585;0.02913162,0.85401993;0.02813577,0.85730281;0.02651859,0.86032832;0.02434224,0.86298021;0.02169035,0.86515656;0.01866483,0.86677374;0.01538195,0.86776959;0.01196787,0.86810585;0.00855379,0.86776959;0.00527091,0.86677374;0.00224539,0.86515656;0.00000000,0.86298021;0.00000000,0.86032832;0.00000000,0.85730281;0.00000000,0.85401993;0.00000000,0.85060585;0.00000000,0.84719176;0.00000000,0.84390889;0.00000000,0.84088337;0.00000000,0.83823148;0.00224539,0.83605513;0.00527091,0.83443795;0.00855379,0.83344210;0.01196787,0.83310585;0.01538195,0.83344210;0.01866483,0.83443795;0.02169035,0.83605513;0.02434224,0.83823148;0.02651859,0.84088337;0.02813577,0.84390889;0.02913162,0.84719176
Z4%20WWII%20Bunker	-1	0.08585938,0.85400391;0.08552312,0.85741799;0.08452727,0.86070087;0.08291009,0.86372639;0.08073374,0.86637827;0.07808185,0.86855462;0.07505634,0.87017180;0.07177346,0.87116765;0.06835938,0.87150391;0.06494529,0.87116765;0.06166241,0.87017180;0.05863690,0.86855462;0.05598501,0.86637827;0.05380866,0.86372639;0.05219148,0.86070087;0.05119563,0.85741799;0.05085937,0.85400391;0.05119563,0.85058983;0.05219148,0.84730695;0.05380866,0.84428143;0.05598501,0.84162954;0.05863690,0.83945319;0.06166241,0.83783601;0.06494529,0.83684016;0.06835938,0.83650391;0.07177346,0.83684016;0.07505634,0.83783601;0.07808185,0.83945319;0.08073374,0.84162954;0.08291009,0.84428143;0.08452727,0.84730695;0.08552312,0.85058983
Z0%20Lighthouse	-1	0.98836591,0.88297528;0.98802965,0.88638936;0.98703380,0.88967224;0.98541662,0.89269776;0.98324027,0.89534965;0.98058838,0.89752600;0.97756287,0.89914317;0.97427999,0.90013902;0.97086591,0.90047528;0.96745182,0.90013902;0.96416895,0.89914317;0.96114343,0.89752600;0.95849154,0.89534965;0.95631519,0.89269776;0.95469801,0.88967224;0.95370216,0.88638936;0.95336591,0.88297528;0.95370216,0.87956120;0.95469801,0.87627832;0.95631519,0.87325280;0.95849154,0.87060091;0.96114343,0.86842456;0.96416895,0.86680739;0.96745182,0.86581154;0.97086591,0.86547528;0.97427999,0.86581154;0.97756287,0.86680739;0.98058838,0.86842456;0.98324027,0.87060091;0.98541662,0.87325280;0.98703380,0.87627832;0.98802965,0.87956120
Z3%20WWII%20Bunker	-1	0.22550781,0.88720703;0.22517155,0.89062111;0.22417570,0.89390399;0.22255853,0.89692951;0.22038218,0.89958140;0.21773029,0.90175775;0.21470477,0.90337492;0.21142189,0.90437077;0.20800781,0.90470703;0.20459373,0.90437077;0.20131085,0.90337492;0.19828533,0.90175775;0.19563344,0.89958140;0.19345709,0.89692951;0.19183992,0.89390399;0.19084407,0.89062111;0.19050781,0.88720703;0.19084407,0.88379295;0.19183992,0.88051007;0.19345709,0.87748455;0.19563344,0.87483266;0.19828533,0.87265631;0.20131085,0.87103914;0.20459373,0.87004329;0.20800781,0.86970703;0.21142189,0.87004329;0.21470477,0.87103914;0.21773029,0.87265631;0.22038218,0.87483266;0.22255853,0.87748455;0.22417570,0.88051007;0.22517155,0.88379295
Z3%20Boat%20yard	-1	0.32511719,0.90574050;0.32478093,0.90915458;0.32378508,0.91243746;0.32216791,0.91546298;0.31999156,0.91811487;0.31733967,0.92029122;0.31431415,0.92190839;0.31103127,0.92290424;0.30761719,0.92324050;0.30420311,0.92290424;0.30092023,0.92190839;0.29789471,0.92029122;0.29524282,0.91811487;0.29306647,0.91546298;0.29144930,0.91243746;0.29045345,0.90915458;0.29011719,0.90574050;0.29045345,0.90232642;0.29144930,0.89904354;0.29306647,0.89601802;0.29524282,0.89336613;0.29789471,0.89118978;0.30092023,0.88957261;0.30420311,0.88857676;0.30761719,0.88824050;0.31103127,0.88857676;0.31431415,0.88957261;0.31733967,0.89118978;0.31999156,0.89336613;0.32216791,0.89601802;0.32378508,0.89904354;0.32478093,0.90232642
Z4%20Boatyard	-1	0.16154297,0.95605469;0.16120671,0.95946877;0.16021086,0.96275165;0.15859369,0.96577717;0.15641734,0.96842906;0.15376545,0.97060541;0.15073993,0.97222258;0.14745705,0.97321843;0.14404297,0.97355469;0.14062889,0.97321843;0.13734601,0.97222258;0.13432049,0.97060541;0.13166860,0.96842906;0.12949225,0.96577717;0.12787508,0.96275165;0.12687923,0.95946877;0.12654297,0.95605469;0.12687923,0.95264061;0.12787508,0.94935773;0.12949225,0.94633221;0.13166860,0.94368032;0.13432049,0.94150397;0.13734601,0.93988680;0.14062889,0.93889095;0.14404297,0.93855469;0.14745705,0.93889095;0.15073993,0.93988680;0.15376545,0.94150397;0.15641734,0.94368032;0.15859369,0.94633221;0.16021086,0.94935773;0.16120671,0.95264061
Z4%20Graveyard	-1	0.12504678,0.96276569;0.12471053,0.96617977;0.12371468,0.96946265;0.12209750,0.97248817;0.11992115,0.97514006;0.11726926,0.97731641;0.11424374,0.97893359;0.11096086,0.97992944;0.10754678,0.98026569;0.10413270,0.97992944;0.10084982,0.97893359;0.09782430,0.97731641;0.09517242,0.97514006;0.09299607,0.97248817;0.09137889,0.96946265;0.09038304,0.96617977;0.09004678,0.96276569;0.09038304,0.95935161;0.09137889,0.95606873;0.09299607,0.95304321;0.09517242,0.95039132;0.09782430,0.94821498;0.10084982,0.94659780;0.10413270,0.94560195;0.10754678,0.94526569;0.11096086,0.94560195;0.11424374,0.94659780;0.11726926,0.94821498;0.11992115,0.95039132;0.12209750,0.95304321;0.12371468,0.95606873;0.12471053,0.95935161
Z0%20WWII%20Bunker%20South	-1	0.83082505,0.97270674;0.83048879,0.97612082;0.82949294,0.97940370;0.82787577,0.98242921;0.82569942,0.98508110;0.82304753,0.98725745;0.82002201,0.98887463;0.81673913,0.98987048;0.81332505,0.99020674;0.80991097,0.98987048;0.80662809,0.98887463;0.80360257,0.98725745;0.80095068,0.98508110;0.79877433,0.98242921;0.79715716,0.97940370;0.79616131,0.97612082;0.79582505,0.97270674;0.79616131,0.96929265;0.79715716,0.96600978;0.79877433,0.96298426;0.80095068,0.96033237;0.80360257,0.95815602;0.80662809,0.95653884;0.80991097,0.95554299;0.81332505,0.95520674;0.81673913,0.95554299;0.82002201,0.95653884;0.82304753,0.95815602;0.82569942,0.96033237;0.82787577,0.96298426;0.82949294,0.96600978;0.83048879,0.96929265
Z2%20light%20house	-1	0.46671875,0.97607422;0.46638249,0.97948830;0.46538664,0.98277118;0.46376947,0.98579670;0.46159312,0.98844859;0.45894123,0.99062494;0.45591571,0.99224211;0.45263283,0.99323796;0.44921875,0.99357422;0.44580467,0.99323796;0.44252179,0.99224211;0.43949627,0.99062494;0.43684438,0.98844859;0.43466803,0.98579670;0.43305086,0.98277118;0.43205501,0.97948830;0.43171875,0.97607422;0.43205501,0.97266014;0.43305086,0.96937726;0.43466803,0.96635174;0.43684438,0.96369985;0.43949627,0.96152350;0.44252179,0.95990633;0.44580467,0.95891048;0.44921875,0.95857422;0.45263283,0.95891048;0.45591571,0.95990633;0.45894123,0.96152350;0.46159312,0.96369985;0.46376947,0.96635174;0.46538664,0.96937726;0.46638249,0.97266014
Z3%20Island%20Lighthouse	-1	0.22150390,0.97998047;0.22116764,0.98339455;0.22017179,0.98667743;0.21855462,0.98970295;0.21637827,0.99235484;0.21372638,0.99453119;0.21070086,0.99614836;0.20741798,0.99714421;0.20400390,0.99748047;0.20058982,0.99714421;0.19730694,0.99614836;0.19428142,0.99453119;0.19162953,0.99235484;0.18945318,0.98970295;0.18783601,0.98667743;0.18684016,0.98339455;0.18650390,0.97998047;0.18684016,0.97656639;0.18783601,0.97328351;0.18945318,0.97025799;0.19162953,0.96760610;0.19428142,0.96542975;0.19730694,0.96381258;0.20058982,0.96281673;0.20400390,0.96248047;0.20741798,0.96281673;0.21070086,0.96381258;0.21372638,0.96542975;0.21637827,0.96760610;0.21855462,0.97025799;0.22017179,0.97328351;0.22116764,0.97656639
Gas%20Station%20-%20Fish%20Factory%20%28A1%29	-30720	0.62767,0.63618
Gas%20Station%20-%20Tisno%20South%20%28A2%29	-30720	0.43714,0.72439
Gas%20Station%20-%20Tisno%20East%20%28A3%29	-30720	0.39162,0.72206
Gas%20Station%20-%20Airfield%20%28A4%29	-30720	0.17595,0.74823
Gas%20Station%20-%20Naval%20Base%20%28A4%29	-30720	0.06635,0.73733
Gas%20Station%20-%20Brick%20Factory%20%28B0%29	-30720	0.89191,0.58339
Gas%20Station%20-%20Prkno%20%28B1%29	-30720	0.67542,0.47654
Gas%20Station%20-%20Little%20Farm%20%28B2%29	-30720	0.47894,0.45065
Gas%20Station%20-%20Little%20Farm%20%28B3%29	-30720	0.24096,0.57384
Gas%20Station%20-%20Preko%20%28B4%29	-30720	0.07450,0.51706
Gas%20Station%20-%20Northwest%20%28C0%29	-30720	0.93450,0.33269
Gas%20Station%20-%20Northeast%20%28C0%29	-30720	0.89270,0.32881
Gas%20Station%20-%20WW2%20Bunker%20%28C1%29	-30720	0.73837,0.20453
Gas%20Station%20-%20Marof%20%28C3%29	-30720	0.27907,0.30848
Gas%20Station%20-%20Gorica%20%28D1%29	-30720	0.67270,0.03878
Gas%20Station%20-%20Samobor%20%28D3%29	-30720	0.21867,0.18725
Gas%20Station%20-%20D3%20Town%20%28D3%29	-30720	0.32883,0.09682
Gas%20Station%20-%20Ston%20%28D4%29	-30720	0.01842,0.18673
Gas%20Station%20-%20Vrsar%20%28Z0%29	-30720	0.99597,0.96381
Gas%20Station%20-%20Airfield%20North%20%28Z0%29	-30720	0.90475,0.85431
Gas%20Station%20-%20Airfield%20East%20%28Z0%29	-30720	0.82710,0.84965
Gas%20Station%20-%20Bunker%20%28Z2%29	-30720	0.58758,0.84986
Gas%20Station%20-%20Novigrad%20%28Z2%29	-30720	0.50060,0.85594
Gas%20Station%20-%20Boat%20Yard%20%28Z3%29	-30720	0.30500,0.90186
Gas%20Station%20-%20East%20Coast%20%28Z3%29	-30720	0.33881,0.90365
